id	sequence	CDR1	CDR2	CDR3
A05362	QVQLQESGPGLVRPSQTLSLTCTVSGSTFSSYWMHWVRQPPGRGLEWIGRIDPNSGGTKYNEKFKSRVTMLVDTSKNQFSLRLSSVTAADTAVYYCARYDYYGSSYFDYWGQGTTVTVSS	GSTFSSYW	IDPNSGGT	ARYDYYGSSYFDY
A05422	QVQLQESGPGLVRPSQTLSLTCTVSGSTFSSYWMHWVRQPPGRGLEWIGRIDPNSGGTKYNEKFKSRVTMLVDTSKNQFSLRLSSVTAADTAVYYCARYDYYGSSYFDYWGQGTTVTVSS	GSTFSSYW	IDPNSGGT	ARYDYYGSSYFDY
A09634	QVQLQESGPGLVRPSQTLSLTCTVSGSTFSSYWMHWVRQPPGRGLEWIGRIDPNSGGTKYNEKFKSRVTMLVDTSKNQFSLRLSSVTAADTAVYYCARYDYYGSSYFDYWGQGTTVTVSS	GSTFSSYW	IDPNSGGT	ARYDYYGSSYFDY
A09775	QVQLQESGPGLVQPSQSLSITCTVSGFSLTSYGVHWVRQSPGKGLEWLGMIWGDGNTDYNSALKSRLSISKDNSKSQVFLKMNSLHTDDTARYYCARERDYRLDYWGQGTTVTVSS	GFSLTSYG	IWGDGNT	ARERDYRLDY
A09778	QVQLQESGPGLVQPSQSLSITCTVSGFSLTSYGVHWVRQSPGKGLEWLGMIWGDGNTDYNSALKSRLSISKDNSKSQVFLKMNSLHTDDTARYYCARERDYRLDYWGQGTTVTVSS	GFSLTSYG	IWGDGNT	ARERDYRLDY
A57703	EVQLQASGGGSVQAGGSLRLSCAASGGQTFDSYAMAWFRQAPGKECELVSSIIGDDNRNYADSVKGRFTISRDNAKNTVYLQMDRLNPEDTAVYYCAQLGSARSAMYCAGQGTQVTVSS	GGQTFDSYA	IIGDDNR	AQLGSARSAMYC
A57705	EVQLQASGGGSVQAGGSLRLSCTAANYAFDSKTVGWFRQVPGKEREGVAGISSGGSTTAYSDSVKGRYTVSLENAKNTVYLLIDNLQPEDTAIYYCAGVSGWRGRQWLLLAETYRFWGQGTQVTVSS	NYAFDSKT	ISSGGSTT	AGVSGWRGRQWLLLAETYRF
A57709	DVQLQASGGGSVQAGGSLRLSCAASGYTIGPYCMGWFRQAPGKEREGVAAINMGGGITYYADSVKGRFTISQDNAKNTVYLLMNSLEPEDTAIYYCAADSTIYASYYECGHGLSTGGYGYDSWGQGTQVTVSS	GYTIGPYC	INMGGGIT	AADSTIYASYYECGHGLSTGGYGYDS
A57711	DVQLQASGGGSVQAGGSLRLSCAASGYTIGPYCMGWFRQAPGKEREGVAAINMGGGITYYADSVKGRFTISQDNAKNTVYLLMNSLEPEDTAIYYCAADSTIYASYYECGHGLSTGGYGYDSWGQGTQVTVSS	GYTIGPYC	INMGGGIT	AADSTIYASYYECGHGLSTGGYGYDS
A57713	DVQLQASGGGSVQAGGSLRLSCAASGYTIGPYCMGWFRQAPGKEREGVAAINMGGGITYYADSVKGRFTISQDNAKNTVYLLMNSLEPEDTAIYYCAADSTIYASYYECGHGLSTGGYGYDSWGQGTQVTVSS	GYTIGPYC	INMGGGIT	AADSTIYASYYECGHGLSTGGYGYDS
A76937	EVQLQASGGGSVQAGGSLRLSCAASGGQTFDSYAMAWFRQAPGKECELVSSIIGDDNRNYADSVKGRFTISRDNAKNTVYLQMDRLNPEDTAVYYCAQLGSARSAMYCAGQGTQVTVSS	GGQTFDSYA	IIGDDNR	AQLGSARSAMYC
A76944	EVQLQASGGGSVQAGGSLRLSCAASGGQTFDSYAMAWFRQAPGKECELVSSIIGDDNRNYADSVKGRFTISRDNAKNTVYLQMDRLNPEDTAVYYCAQLGSARSAMYCAGQGTQVTVSS	GGQTFDSYA	IIGDDNR	AQLGSARSAMYC
A76946	EVQLQASGGGSVQAGGSLRLSCTAANYAFDSKTVGWFRQVPGKEREGVAGISSGGSTTAYSDSVKGRYTVSLENAKNTVYLLIDNLQPEDTAIYYCAGVSGWRGRQWLLLAETYRFWGQGTQVTVSS	NYAFDSKT	ISSGGSTT	AGVSGWRGRQWLLLAETYRF
AB091834	AVQLVDSGGGSVQAGGSLRLSCAASGTTYCTYDIAWYRQAPEKDYEFVSVIDSDGSTRYADSVKGRFTISRDNAKNTVYLQMNSLKPEDTAMYYCKTVFKSWCSDGLGTTLPNYWGQGTQVTVSS	GTTYCTYD	IDSDGST	KTVFKSWCSDGLGTTLPNY
AB091838	AVQLVDSGGGSVQAGGSLRLSCAASGTTYCTYDIAWYRQAPEKDYEFVSVIDSDGSTRYADSVKGRFTISRDNAKNTVYLQMNSLKPEDTAMYYCKTVFKSWCSDGLGTTLPNYWGQGTQVTVSS	GTTYCTYD	IDSDGST	KTVFKSWCSDGLGTTLPNY
AB092192	QVQLVESGGGLVQPGGSLRLSCAASGFTFSNRWMTWVRQAPGKGLEWVSVIDPSGGANIYYADSVKGRFTISRDNAKNTLYLQLNSLKTEDTAMYYCAKDGSSPEVSMDYWGKGTLVTISS	GFTFSNRW	IDPSGGANI	AKDGSSPEVSMDY
AB092193	DVQLVESGGGLVQPGGSLRLSCAASGFTASSYYISWVRQAPGKGLEWVSGICSAGSNTRYADSVKGRFTISRDNDKNMVYLQMNSLNPEETAVYYCATTPCGGSYCNSFVPVGMDAWSQGTLVTVSS	GFTASSYY	ICSAGSNT	ATTPCGGSYCNSFVPVGMDA
AB092195	AVQLVESGGGLVQPGGSLRLSCVASGFTFSSNRMYWVRQAPRKGLEWVSSINTAGGEPSYADSVKGRFTISRDNAKNTVYLQMNSLKPEDTAVYYCATTSCSGDGCYTRYNYWGQGTQVTVSS	GFTFSSNR	INTAGGEP	ATTSCSGDGCYTRYNY
AB092198	DVQLVESGGGLVQPGGSLRLSCAASGFTFSNSYIGWVRQAPGKGLEWVSGIHSDGRNPSYADSVKGRFTISRDNAKNSVYLQMNSLKPEDTAVYYCVRDPYGMGSWGQGTQVTVSS	GFTFSNSY	IHSDGRNP	VRDPYGMGS
AB924082	QVQLVESGGGLVQAGGSLRLSCVASGISFSSAAMDWYRQAPGSQRELVASISIFGRTAYADSVKGRFTISRDNAKNAVYLQMNRLKPEDTAVYYCHVDPLDLFRKAGDYWGQGTQVTVSS	GISFSSAA	ISIFGRT	HVDPLDLFRKAGDY
AB924664	QVQLVESGGGLVQPGGSLRLSCAASGFTFANDAMTWVRQAPGKALEWVSSITLIGAGIPYYSDSVKGRFTISRDNTKNMLYLQMNSLKPEDTAVYYCAKGFKSDYPRGQGTQVTVSS	GFTFANDA	ITLIGAGIP	AKGFKSDYP
AB926001	QVQLVESGGGLVQPGGSLRLSCAASGFTFANDAMTWVRQAPGKALEWVSSITLIGAGIPYYSDSVKGRFTISRDNTKNMLYLQMNSLKPEDTAVYYCAKGFKSDYPRGQGTQVTVSS	GFTFANDA	ITLIGAGIP	AKGFKSDYP
AB926009	QVQLVESGGGLVQAGGSLRLSCVASGISFSSAAMDWYRQAPGSQRELVASISIFGRTAYADSVKGRFTISRDNAKNAVYLQMNRLKPEDTAVYYCHVDPLDLFRKAGDYWGQGTQVTVSS	GISFSSAA	ISIFGRT	HVDPLDLFRKAGDY
AF425237	QVQLQESGGGLVQTGGSLRLSCAASGRTSSDYSVGWFRQAPGKEREFLAVMMLSGTGTYYADSVKGRAAISRDLAKNTVYLEMNSLKPEDTAVYYCALDRAGWLRTEENVYDYWGQGTQVTVSS	GRTSSDYS	MMLSGTGT	ALDRAGWLRTEENVYDY
AF425245	QVQLQESGGGLVQTGGSLRLSCAASGRTSSDYSVGWFRQAPGKEREFLAVMMLSGTGTYYADSVKGRAAISRDLAKNTVYLEMNSLKPEDTAVYYCALDRAGWLRTEENVYDYWGQGTQVTVSS	GRTSSDYS	MMLSGTGT	ALDRAGWLRTEENVYDY
AF441263	EVQLQASGGGLVQAGGSLRLSCAASGFKITHYTMGWFRQAPGKEREFVSRITWGGDNTFYSNSVKGRFTISRDNAKNTVYLQMNSLKPEDTADYYCAAGSTSTATPLRVDYWGKGTQVTVSS	GFKITHYT	ITWGGDNT	AAGSTSTATPLRVDY
AF441486	EVQLQASGGGLVQAGGSLRLSCAASGFKITHYTMGWFRQAPGKEREFVSRITWGGDNTFYSNSVKGRFTISRDNAKNTVYLQMNSLKPEDTADYYCAAGSTSTATPLRVDYWGKGTQVTVSS	GFKITHYT	ITWGGDNT	AAGSTSTATPLRVDY
AF442089	DVQLQASGGGLVQAGGSLRLSCTASGRTFSNYHMGWFRQAPGTEREFVSSIKWSGGNTYYADSVKGRFTISRDNAKNAVYLQMNSLKPEDTAVYYCATGSKYGGSWSRSQDAYNYWGQGTQVTVSS	GRTFSNYH	IKWSGGNT	ATGSKYGGSWSRSQDAYNY
AF442907	DVQLQASGGGLVQAGGSLRLSCTASGRTFSNYHMGWFRQAPGTEREFVSSIKWSGGNTYYADSVKGRFTISRDNAKNAVYLQMNSLKPEDTAVYYCATGSKYGGSWSRSQDAYNYWGQGTQVTVSS	GRTFSNYH	IKWSGGNT	ATGSKYGGSWSRSQDAYNY
AF447551	EVQLQASGGGLVQTGGSLRLSCAVSGRTFSSYGMGWFRQAPGKEREFVAAMRESGADTHYADFVRGRFTISGDNAKNTVYLQMNRLTPEDTAVYYCKALDITTAASYWGQGTQVTVSS	GRTFSSYG	MRESGADT	KALDITTAASY
AF447903	EVQLQASGGGLVQTGGSLRLSCAVSGRTFSSYGMGWFRQAPGKEREFVAAMRESGADTHYADFVRGRFTISGDNAKNTVYLQMNRLTPEDTAVYYCKALDITTAASYWGQGTQVTVSS	GRTFSSYG	MRESGADT	KALDITTAASY
AJ235268	QVQLQESGGGLVQAGGSLRLSCAASGRTGSTYDMGWFRQAPGKERESVAAINWDSARTYYASSVRGRFTISRDNAKKTVYLQMNSLKPEDTAVYTCGAGEGGTWDSWGQGTQVTVSS	GRTGSTYD	INWDSART	GAGEGGTWDS
AJ236094	QVQLQESGGGLVQAGGSLRLSCAASGRTGSTYDMGWFRQAPGKERESVAAINWDSARTYYASSVRGRFTISRDNAKKTVYLQMNSLKPEDTAVYTCGAGEGGTWDSWGQGTQVTVSS	GRTGSTYD	INWDSART	GAGEGGTWDS
AJ236100	QVQLQESGGGLVQAGGSLRLSCAASGRATSGHGHYGMGWFRQVPGKEREFVAAIRWSGKETWYKDSVKGRFTISRDNAKTTVYLQMNSLKPEDTAVYYCAARPVRVDDISLPVGFDYWGQGTQVTVSS	GRATSGHGHYG	IRWSGKET	AARPVRVDDISLPVGFDY
AJ236105	QVQLQESGGGLVQAGDSLRLSCAASGRTSHGYGGYGMGWFRQIPGKERELVAAIRWSGRNTYYADSVKGRFTISRDNVKDMLYLQMNSLKPEDTAVYTCAVRTVRVVDISSPVGFAYWGQGTQVTVSS	GRTSHGYGGYG	IRWSGRNT	AVRTVRVVDISSPVGFAY
AJ236107	QVQLQESGGGLVQAGESLKLSCAASGNTFSGGFMGWYRQAPGKQRELVATINSRGITNYADFVKGRFTISRDNAKKTVYLEMNSLEPEDTAVYYCYTHYFRSYWGQGTQVTVSS	GNTFSGGF	INSRGIT	YTHYFRSY
AJ245119	QVQLVESGGGSVQAGGSLKLSCAASGYIFSSCGMGWYRQAPGKERELVSTISSDGSTSYADSVKGRFTISQDNAKNTLYLQMNSLKPEDTAMYYCMELGLSWVVLAALLQGVQA	GYIFSSCG	ISSDGST	MELGLSWVVLAA
AJ245120	QVQLVESGGGSVQAGGSLKLSCAASGYIFSSCGMGWYRQAPGKERELVSTISSDGSTSYADSVKGRFTISQDNAKNTLYLQMNSLKPEDTAMYYCMELGLSWVVLAALLQGVQA	GYIFSSCG	ISSDGST	MELGLSWVVLAA
AJ245121	QVQLVESGGGSVQAGGSLKLSCAASGYIFSSCGMGWYRQAPGKERELVSTISSDGSTSYADSVKGRFTISQDNAKNTLYLQMNSLKPEDTAMYYCMELGLSWVVLAALLQGVQA	GYIFSSCG	ISSDGST	MELGLSWVVLAA
AJ245122	EVQLVESGGGLVQPGGSLRLSCAASGYTYSSCSMGWYRQAPGKERELVSTIISDGSTYYADSVKGRFTISQDNAKNTVYLQMNSLKPEDTAMYYCMELGLSWVVLAALLQGVQA	GYTYSSCS	IISDGST	MELGLSWVVLAA
AJ245123	EVQLVESGGGLVQPGGSLRLSCAASGYTYSSCSMGWYRQAPGKERELVSTIISDGSTYYADSVKGRFTISQDNAKNTVYLQMNSLKPEDTAMYYCMELGLSWVVLAALLQGVQA	GYTYSSCS	IISDGST	MELGLSWVVLAA
AJ245124	EVQLVESGGGSVQAGGSLRLSCAASGYTYSSCSMGWYRQAPGKERELVSTIISDGSTYYADSVKGRFTISQDNAKNTVYLQMNSLKPEDTAMYYCMELGLSWVVLAALLQGVQA	GYTYSSCS	IISDGST	MELGLSWVVLAA
AJ245125	EVQLVESGGGSVQAGGSLRLSCAASGYTYSSCSMGWYRQAPGKERELVSTIISDGSTYYADSVKGRFTISQDNAKNTVYLQMNSLKPEDTAMYYCMELGLSWVVLAALLQGVQA	GYTYSSCS	IISDGST	MELGLSWVVLAA
AJ245144	QVQLVESGGGSVQAGGSLRLSCTAPGFTSNSCGMDWYRQAAGKQREWVSSISTDGSTSYADSVKGRFTISKDKAKDTVYLQMNSLKPEDTAMYYCMELGLSWVVLAALLQGVQA	GFTSNSCG	ISTDGST	MELGLSWVVLAA
AJ245145	QVQLVESGGGSVQAGGSLRLSCTAPGFTSNSCGMDWYRQAAGKQREWVSSISTDGSTSYADSVKGRFTISKDKAKDTVYLQMNSLKPEDTAMYYCMELGLSWVVLAALLQGVQA	GFTSNSCG	ISTDGST	MELGLSWVVLAA
AJ245146	QVQLVESGGGSVQAGGSLRLSCTAPGFTSNSCGMDWYRQAAGKQREWVSSISTDGSTSYADSVKGRFTISKDKAKDTVYLQMNSLKPEDTAMYYCMELGLSWVVLAALLQGVQA	GFTSNSCG	ISTDGST	MELGLSWVVLAA
AJ245147	QVQLVESGGGSVQAGGSLRLSCTAPGFTSNSCGMDWYRQAAGKQREWVSSISTDGSTSYADSVKGRFTISKDKAKDTVYLQMNSLKPEDTAMYYCMELGLSWVVLAALLQGVQA	GFTSNSCG	ISTDGST	MELGLSWVVLAA
AJ245171	EVQLVESGGGLVQPGGSLRLSCAASGFTFSSYWMYWVRQAPGKRLEWVSGIYSDGSTYYGDSVKGRFTISRDKAKNMLYLQMNSLKPEDTAMYYCMELGLSWVVLAALLQGVQA	GFTFSSYW	IYSDGST	MELGLSWVVLAA
AJ245172	EVQLVESGGGLVQPGGSLRLSCAASGFTFSSYWMYWVRQAPGKRLEWVSGIYSDGSTYYGDSVKGRFTISRDKAKNMLYLQMNSLKPEDTAMYYCMELGLSWVVLAALLQGVQA	GFTFSSYW	IYSDGST	MELGLSWVVLAA
AJ245183	EVQLVESGGGLVQPGGSLRLSCAASGFTFSSYWMYWVRQAPGKGLEWVSTINSGGGSTYYADSVKGRFTISRDNAKNMLYLQMNSLKPEDTAMYYCMELGLSWVVLAALLQGVQA	GFTFSSYW	INSGGGST	MELGLSWVVLAA
AJ245184	EVQLVESGGGLVQPGGSLRLSCAASGFTFSSYWMYWVRQAPGKGLEWVSTINSGGGSTYYADSVKGRFTISRDNAKNMLYLQMNSLKPEDTAMYYCMELGLSWVVLAALLQGVQA	GFTFSSYW	INSGGGST	MELGLSWVVLAA
AJ245187	EVQLVESGGGLVQPGGSLRLSCAASGFTFSSYWMYWVRQAPRKGLEWVSTINSAGGSTYYADSVKGRFTISRDNAKNTVYLQMNSLKPEDTAMYYCMELGMSWVVLAALLQGVQA	GFTFSSYW	INSAGGST	MELGMSWVVLAA
AJ245188	EVQLVESGGGLVQPGGSLRLSCAASGFTFSSYWMYWVRQAPRKGLEWVSTINSAGGSTYYADSVKGRFTISRDNAKNTVYLQMNSLKPEDTAMYYCMELGMSWVVLAALLQGVQA	GFTFSSYW	INSAGGST	MELGMSWVVLAA
AJ616712	DVQLQASGGGVVQPGGSLRLSCAAHDPIFDKNLMGWGRQAPGKQREYVATISGSGGTNYASSVEGRFTISRDNAKKTVYLQMNDLKPEDTAVYYCNSAFAIWGQGTQVTVSS	DPIFDKNL	ISGSGGT	NSAFAI
AJ616762	DVQLQASGGGVVQPGGSLRLSCAAHDPIFDKNLMGWGRQAPGKQREYVATISGSGGTNYASSVEGRFTISRDNAKKTVYLQMNDLKPEDTAVYYCNSAFAIWGQGTQVTVSS	DPIFDKNL	ISGSGGT	NSAFAI
AJ617283	DVQLQASGGGVVQPGGSLRLSCAAHDPIFDKNLMGWGRQAPGKQREYVATISGSGGTNYASSVEGRFTISRDNAKKTVYLQMNDLKPEDTAVYYCNSAFAIWGQGTQVTVSS	DPIFDKNL	ISGSGGT	NSAFAI
AJ617284	DVQLQASGGGVVQPGGSLRLSCAAHDPIFDKNLMGWGRQAPGKQREYVATISGSGGTNYASSVEGRFTISRDNAKKTVYLQMNDLKPEDTAVYYCNSAFAIWGQGTQVTVSS	DPIFDKNL	ISGSGGT	NSAFAI
AJ629034	QVTLQESGGGLVQAGGSLRLSCAASGRSDSTDTMTWFRQAPGKEREFVASVSWIANTYYADSVKGRFTASRDYTKNTVYLQMNNLTPEDTAVYYCAAADHGSRWWRQVADITTYDYWGQGTQVT	GRSDSTDT	VSWIANT	AAADHGSRWWRQVADITTYDY
AJ629043	QVTLQESGGGLVQAGGSLRLSCAASGRSDSTDTMTWFRQAPGKEREFVASVSWIANTYYADSVKGRFTASRDYTKNTVYLQMNNLTPEDTAVYYCAAADHGSRWWRQVADITTYDYWGQGTQVT	GRSDSTDT	VSWIANT	AAADHGSRWWRQVADITTYDY
AJ629044	QVTLQESGGGLVQAGGSLRLSCAASGRSDSTDTMTWFRQAPGKEREFVASVSWIANTYYADSVKGRFTASRDYTKNTVYLQMNNLTPEDTAVYYCAAADHGSRWWRQVADITTYDYWGQGTQVT	GRSDSTDT	VSWIANT	AAADHGSRWWRQVADITTYDY
AJ811563	QVTLQESGGGLVQAGDALTLSCAASGRSVDNYAMGWFRQAPGKELEFVAAISWWSGSRTEYADSVKGRFTISRDNANGMVYLRMSSLRPEDTAVYYCAAERGTYFAGRSQDEYDDWGRGTQVT	GRSVDNYA	ISWWSGSRT	AAERGTYFAGRSQDEYDD
AJ849409	QVTLQESGGGLVQAGGSLRLSCAASGGTFSIYTMGWFRQAPGKEREFVAAITRSGISWKGAMTDYGDSVKGRFTISGDNAKNTVFLQMNSLKPEDTAMYYCAADKTTYWNIPRDEYDFWGQGTQVT	GGTFSIYT	ITRSGISWKGAMT	AADKTTYWNIPRDEYDF
AJ849428	QVTLQESGGGLVQAGGSLRLSCAASGGTFSIYTMGWFRQAPGKEREFVAAITRSGISWKGAMTDYGDSVKGRFTISGDNAKNTVFLQMNSLKPEDTAMYYCAADKTTYWNIPRDEYDFWGQGTQVT	GGTFSIYT	ITRSGISWKGAMT	AADKTTYWNIPRDEYDF
AJ849440	QVTLQESGGGLVQAGGSLRLSCAASGGTFSIYTMGWFRQAPGKEREFVAAITRSGISWKGAMTDYGDSVKGRFTISGDNAKNTVFLQMNSLKPEDTAMYYCAADKTTYWNIPRDEYDFWGQGTQVT	GGTFSIYT	ITRSGISWKGAMT	AADKTTYWNIPRDEYDF
AM180292	QVTLQESGGGLVQAGDALTLSCAASGRSVDNYAMGWFRQAPGKELEFVAAISWWSGSRTEYADSVKGRFTISRDNANGMVYLRMSSLRPEDTAVYYCAAERGTYFAGRSQDEYDDWGRGTQVT	GRSVDNYA	ISWWSGSRT	AAERGTYFAGRSQDEYDD
AM286425	QVQLQESGGGLVQAGGSLRLSCTASRRTDRAYAMAWFRQAPGKERDVVAVISWSGGNQYYVDSVKGRFTISRDNAKGTVYLQMNSLKPEDTAVYYCAARRGYDSGIYSSGRYDYWGQGTQVTVSS	RRTDRAYA	ISWSGGNQ	AARRGYDSGIYSSGRYDY
AM286787	QVQLQESGGGLVQAGGSLRLSCTASRRTDRAYAMAWFRQAPGKERDVVAVISWSGGNQYYVDSVKGRFTISRDNAKGTVYLQMNSLKPEDTAVYYCAARRGYDSGIYSSGRYDYWGQGTQVTVSS	RRTDRAYA	ISWSGGNQ	AARRGYDSGIYSSGRYDY
AM922336	EVQLQASGGGSVQPGGSLRLSCAASGFIFGWSTMSWYRQAPGKQREWVSTISGGGSATTYTDSVKGRFTISRDRAKNTLYLQMNSLKPEDTAIYYCNADVSTGFRYQRKDYWGRGTQVTVSS	GFIFGWST	ISGGGSAT	NADVSTGFRYQRKDY
AM922479	EVQLQASGGGSVQPGGSLRLSCAASGFIFGWSTMSWYRQAPGKQREWVSTISGGGSATTYTDSVKGRFTISRDRAKNTLYLQMNSLKPEDTAIYYCNADVSTGFRYQRKDYWGRGTQVTVSS	GFIFGWST	ISGGGSAT	NADVSTGFRYQRKDY
AM922480	EVQLQASGGGLVQAGGSLRLSCAASGSTFRINRMGWYRQAPGKQRELVASINSGGSTNYADSVKGRFTISRDNAKGTVNLTMNSLKPEDTAVYYCNRVTPWPYWGQGTQVTVSS	GSTFRINR	INSGGST	NRVTPWPY
AM922481	EVQLQASGGGLVQAGGSLRLSCAASGSTFSINVIGWYRQAPGKQRELVAGISRSGNTNYADSVEGRFTISRDYAKNTVYLQMNSLKPEDTAVYYCHSKTYLLHMYWGQGTQVTVSS	GSTFSINV	ISRSGNT	HSKTYLLHMY
AM922482	EVQLQASGGGLVQAGGSLRLSCSASASTTFSMNTMAWHRQAPGKQRSLVALIGATHSINYEDSVKGRFTISRDNAKNTVYLQMSSLKPEDTAVYYCNDWYWQMKGGSWGQGTQVTVSS	ASTTFSMNT	IGATHSI	NDWYWQMKGGS
AX021683	QVQLQESGGGLVQAGDSLRLSCAASGRTSHGYGGYGMGWFRQIPGKERELVAAIRWSGRNTYYADSVKGRFTISRDNVKDMLYLQMNSLKPEDTAVYTCAVRTVRVVDISSPVGFAYWGQGTQVTVSS	GRTSHGYGGYG	IRWSGRNT	AVRTVRVVDISSPVGFAY
AX021690	QVQLQESGGGLVQAGDSLRLSCAASGRTSHGYGGYGMGWFRQIPGKERELVAAIRWSGRNTYYADSVKGRFTISRDNVKDMLYLQMNSLKPEDTAVYTCAVRTVRVVDISSPVGFAYWGQGTQVTVSS	GRTSHGYGGYG	IRWSGRNT	AVRTVRVVDISSPVGFAY
AX021693	QVQLQESGGGLVQAGESLKLSCAASGNTFSGGFMGWYRQAPGKQRELVATINSRGITNYADFVKGRFTISRDNAKKTVYLEMNSLEPEDTAVYYCYTHYFRSYWGQGTQVTVSS	GNTFSGGF	INSRGIT	YTHYFRSY
AX021696	QVQLQESGGGLVQAGGSLRLSCAASGRTGSTYDMGWFRQAPGKERESVAAINWDSARTYYASSVRGRFTISRDNAKKTVYLQMNSLKPEDTAVYTCGAGEGGTWDSWGQGTQVTVSS	GRTGSTYD	INWDSART	GAGEGGTWDS
AX025413	QVQLQESGGGLVQAGESLKLSCAASGNTFSGGFMGWYRQAPGKQRELVATINSRGITNYADFVKGRFTISRDNAKKTVYLEMNSLEPEDTAVYYCYTHYFRSYWGQGTQVTVSS	GNTFSGGF	INSRGIT	YTHYFRSY
AX025416	QVQLQESGGGLVQAGESLKLSCAASGNTFSGGFMGWYRQAPGKQRELVATINSRGITNYADFVKGRFTISRDNAKKTVYLEMNSLEPEDTAVYYCYTHYFRSYWGQGTQVTVSS	GNTFSGGF	INSRGIT	YTHYFRSY
AX025418	QVQLQESGGGLVQAGGSLRLSCAASGRTGSTYDMGWFRQAPGKERESVAAINWDSARTYYASSVRGRFTISRDNAKKTVYLQMNSLKPEDTAVYTCGAGEGGTWDSWGQGTQVTVSS	GRTGSTYD	INWDSART	GAGEGGTWDS
AX164056	QVQLQESGGGLVQAGGSLRLSCAASGRATSGHGHYGMGWFRQVPGKEREFVAAIRWSGKETWYKDSVKGRFTISRDNAKTTVYLQMNSLKPEDTAVYYCAARPVRVDDISLPVGFDYWGQGTQVTVSS	GRATSGHGHYG	IRWSGKET	AARPVRVDDISLPVGFDY
AX164063	QVKLQQSGGGLVQAGGPLRLSCAASGRTFSNYAVGWFRQAPGKEREFVAAISRDGGRTYYADSVKGRFAVSRDYAENTVYLQMNSLKPEDTAVYYCNTRAYWGQGTQVTVSS	GRTFSNYA	ISRDGGRT	NTRAY
AX164065	QVKLQQSGGGLVQAGGPLRLSCAASGRTFSNYAVGWFRQAPGKEREFVAAISRDGGRTYYADSVKGRFAVSRDYAENTVYLQMNSLKPEDTAVYYCNTRAYWGQGTQVTVSS	GRTFSNYA	ISRDGGRT	NTRAY
AX164089	EVQLQESGGGLVQAGGSLRLSCAASGRATSGHGHYGMGWFRQVPGKEREFVAAIRWSGKETWYKDSVKGRFTISRDNAKTTVYLQMNSLKPEDTAVYYCAARPVRVDDISLPVGFDYWGQGTQVTVSS	GRATSGHGHYG	IRWSGKET	AARPVRVDDISLPVGFDY
AX164111	EVQLQESGGGLVQAGGSLRLSCAASGRATSGHGHYGMGWFRQVPGKEREFVAAIRWSGKETWYKDSVKGRFTISRDNAKTTVYLQMNSLKPEDTAVYYCAARPVRVDDISLPVGFDYWGQGTQVTVSS	GRATSGHGHYG	IRWSGKET	AARPVRVDDISLPVGFDY
AX752070	QVQLVESGGGLVQAGGSLRLSCAASGFTFSSAWMTWVRQAPGKGLEWVTSIATDGSTDYADSVKGRFTISRDNAKNTLYLQLNSLNTEDTAVYYCAKDRWGYVVRGQGTQVTVSS	GFTFSSAW	IATDGST	AKDRWGYVV
AX752409	QVQLVESGGGLVQAGGSLRLSCAASGFTFSSAWMTWVRQAPGKGLEWVTSIATDGSTDYADSVKGRFTISRDNAKNTLYLQLNSLNTEDTAVYYCAKDRWGYVVRGQGTQVTVSS	GFTFSSAW	IATDGST	AKDRWGYVV
AX752428	QVQLVESGGGLVQAGGSLRLSCAASGFTFSSAWMTWVRQAPGKGLEWVTSIATDGSTDYADSVKGRFTISRDNAKNTLYLQLNSLNTEDTAVYYCAKDRWGYVVWGQGTQVTVSS	GFTFSSAW	IATDGST	AKDRWGYVV
AX752430	QVQLVESGGGLVQPGGSLRLSCAASGFTFSSSYMSWVRQAPGKGLEWVSGINTDGSFTRYADSVKGRFTISRDNAKNTLYLQMNSLKSEDTALYYCAVGGGLGYGPRGQGTLVTVSS	GFTFSSSY	INTDGSFT	AVGGGLGYGP
AX752432	QVQLVESGGGLVQPGGSLRLSCAASGFTFSSSYMSWVRQAPGKGLEWVSGINTDGSFTRYADSVKGRFTISRDNAKNTLYLQMNSLKSEDTALYYCAVGGGLGYGPWGQGTLVTVSS	GFTFSSSY	INTDGSFT	AVGGGLGYGP
AY263394	QVQLVESGGGSVQAGGSLRLSCVASGYTYRSTCLGWFREAPEKEREVVAAIYRGTGDTYYGDAVRGRFTISQDNAKKTVYLQMNSLKPEDTAMYYCNTYSRFGYSGLCNDWGQGTQVTVSS	GYTYRSTC	IYRGTGDT	NTYSRFGYSGLCND
AY263485	QVQLVESGGGSVQAGGSLRLSCVASGYTYRSTCLGWFREAPEKEREVVAAIYRGTGDTYYGDAVRGRFTISQDNAKKTVYLQMNSLKPEDTAMYYCNTYSRFGYSGLCNDWGQGTQVTVSS	GYTYRSTC	IYRGTGDT	NTYSRFGYSGLCND
AY341337	DVQLQASGGGLVQAGDSLRLSCAASGRTSSTYAMAWFRRAPGKEREFVTAISWNGRITAYADSVKGRFTISREYAGNTVTLQMDSLKPEDTAVYYCAADYTTAVPRAHVSYDYWGQGIQVTVSS	GRTSSTYA	ISWNGRIT	AADYTTAVPRAHVSYDY
AY342133	DVQLQASGGGLVQAGDSLRLSCAASGRTSSTYAMAWFRRAPGKEREFVTAISWNGRITAYADSVKGRFTISREYAGNTVTLQMDSLKPEDTAVYYCAADYTTAVPRAHVSYDYWGQGIQVTVSS	GRTSSTYA	ISWNGRIT	AADYTTAVPRAHVSYDY
AY369779	QSVEESGGRLVTPGTPLTLTCTVSGFSLYNYAMSWVRQAPGKGLEWIGIISYSGNTYYASWAKGRFTISRTSSTTVDLRITSPTTEDTATYFCAGAGRDFYTDINLWGPGTLVTVSS	GFSLYNYA	ISYSGNT	AGAGRDFYTDINL
AY369782	QSVEESGGRLVTPGTPLTLTCTVSGFSLYNYAMSWVRQAPGKGLEWIGIISYSGNTYYASWAKGRFTISRTSSTTVDLRITSPTTEDTATYFCAGAGRDFYTDINLWGPGTLVTVSS	GFSLYNYA	ISYSGNT	AGAGRDFYTDINL
AY816187	QVQLQESGGGLVQPGGSLRLSCVASGSIVSILSMGWFRQTPGKQRELVAGIVDEPQTRYADFVKGRFIISRDSAKNAVYLQMNNLTSEDTAVYYCNAHVRARADSIAPTRYWGQG	GSIVSILS	IVDEPQT	NAHVRARADSIAPTRY
AY816716	ELVKPGASVKISCKASGYTFTDYYINWVKQKPGQGLEWIGWIYPGSGNTKYNEKIKGKATLTVDTSSSTAYMQLSSLTSEDTAVYFCARGGYYVPFDYWGQG	GYTFTDYY	IYPGSGNT	ARGGYYVPFDY
AY816717	ELVKPGASVKISCKASGYTFTDYYINWVKQKPGQGLEWIGWIYPGSGNTKYNEKIKGKATLTVDTSSSTAYMQLSSLTSEDTAVYFCARGGYYVPFDYWGQG	GYTFTDYY	IYPGSGNT	ARGGYYVPFDY
AY816718	QVQLQESGGGLVQPGGSLRLSCVASGSIVSILSMGWFRQTPGKQRELVAGIVDEPQTRYADFVKGRFIISRDSAKNAVYLQMNNLTSEDTAVYYCNAHVRARADSIAPTRYWGQG	GSIVSILS	IVDEPQT	NAHVRARADSIAPTRY
AY816732	DVQLQASGGGLVQPGGSLRLSCLASGGIGTIDAMGWYRQAPGKQRELVATSTSLGTSYAITVKGRFTISRNNALNTVSLQMNSLKPEDTAVYYCAAGTTWSVAPGDMDYWGKGDV	GGIGTIDA	STSLGT	AAGTTWSVAPGDMDY
AY816734	DVQLQASGGGLVQPGGSLRLSCLASGGIGTIDAMGWYRQAPGKQRELVATSTSLGTSYAITVKGRFTISRNNALNTVSLQMNSLKPEDTAVYYCAAGTTWSVAPGDMDYWGKGDV	GGIGTIDA	STSLGT	AAGTTWSVAPGDMDY
AY860431	DVQLQASGGGSVQAGDSLRLSCAASGRPFSSFAMGWFRQAPGKEREFVAAISASGGETYYTGSLKGRFTISRDNAKNTVYLQMDSLKPEDTGVYYCAATINGAARRGQGTQVTVSS	GRPFSSFA	ISASGGET	AATINGAAR
AY860432	DVQLQASGGGSVQAGDSLRLSCAASGRPFSSFAMGWFRQAPGKEREFVAAISASGGETYYTGSLKGRFTISRDNAKNTVYLQMDSLKPEDTGVYYCAATINGAARRGQGTQVTVSS	GRPFSSFA	ISASGGET	AATINGAAR
AY860433	DVQLQASGGGLVQAGDSLRLSCAASGRTFSSYHMGWFRQAPGKEREFVAAINWSGDTTYYEASVKGRFTISRDNAKNTMYLQMNSLKPEDTAVYRCAAQTRPRPYGTSRAEGDYGYWGQGTQVTVSS	GRTFSSYH	INWSGDTT	AAQTRPRPYGTSRAEGDYGY
AY860434	DVQLQASGGGLVQAGDSLRLSCAASGRTFSSYHMGWFRQAPGKEREFVAAINWSGDTTYYEASVKGRFTISRDNAKNTMYLQMNSLKPEDTAVYRCAAQTRPRPYGTSRAEGDYGYWGQGTQVTVSS	GRTFSSYH	INWSGDTT	AAQTRPRPYGTSRAEGDYGY
CQ817767	EVQLQASGGGLVQAGGSLRLSCAASGSTFRINRMGWYRQAPGKQRELVASINSGGSTNYADSVKGRFTISRDNAKGTVNLTMNSLKPEDTAVYYCNRVTPWPYWGQGTQVTVSS	GSTFRINR	INSGGST	NRVTPWPY
CQ817922	EVQLQASGGGLVQAGGSLRLSCAASGSTFRINRMGWYRQAPGKQRELVASINSGGSTNYADSVKGRFTISRDNAKGTVNLTMNSLKPEDTAVYYCNRVTPWPYWGQGTQVTVSS	GSTFRINR	INSGGST	NRVTPWPY
CQ817924	EVQLQASGGGLVQAGGSLRLSCAASGSTFSINVIGWYRQAPGKQRELVAGISRSGNTNYADSVEGRFTISRDYAKNTVYLQMNSLKPEDTAVYYCHSKTYLLHMYWGQGTQVTVSS	GSTFSINV	ISRSGNT	HSKTYLLHMY
CQ817926	EVQLQASGGGLVQAGGSLRLSCSASASTTFSMNTMAWHRQAPGKQRSLVALIGATHSINYEDSVKGRFTISRDNAKNTVYLQMSSLKPEDTAVYYCNDWYWQMKGGSWGQGTQVTVSS	ASTTFSMNT	IGATHSI	NDWYWQMKGGS
CS403716	QVQLVESGGGLVQAGGSLRLSCAASGFTFSSAWMTWVRQAPGKGLEWVTSIATDGSTDYADSVKGRFTISRDNAKNTLYLQLNSLNTEDTAVYYCAKDRWGYVVRGQGTQVTVSS	GFTFSSAW	IATDGST	AKDRWGYVV
CS403760	QVQLVESGGGLVQAGGSLRLSCAASGFTFSSAWMTWVRQAPGKGLEWVTSIATDGSTDYADSVKGRFTISRDNAKNTLYLQLNSLNTEDTAVYYCAKDRWGYVVRGQGTQVTVSS	GFTFSSAW	IATDGST	AKDRWGYVV
CS403779	QVQLVESGGGLVQAGGSLRLSCAASGFTFSSAWMTWVRQAPGKGLEWVTSIATDGSTDYADSVKGRFTISRDNAKNTLYLQLNSLNTEDTAVYYCAKDRWGYVVWGQGTQVTVSS	GFTFSSAW	IATDGST	AKDRWGYVV
CS403781	QVQLVESGGGLVQPGGSLRLSCAASGFTFSSSYMSWVRQAPGKGLEWVSGINTDGSFTRYADSVKGRFTISRDNAKNTLYLQMNSLKSEDTALYYCAVGGGLGYGPRGQGTLVTVSS	GFTFSSSY	INTDGSFT	AVGGGLGYGP
CS403783	QVQLVESGGGLVQPGGSLRLSCAASGFTFSSSYMSWVRQAPGKGLEWVSGINTDGSFTRYADSVKGRFTISRDNAKNTLYLQMNSLKSEDTALYYCAVGGGLGYGPWGQGTLVTVSS	GFTFSSSY	INTDGSFT	AVGGGLGYGP
CS584572	QVQLQESGGGLVQPGGSLRLSCAASEFTLDYYSIAWFRQAPGKEREGVSCISSYDGSTSYADSVKGRFTISRDNAKNTVYLQMNSLKPEDTAIYYCAAGIRDWATLREYEYDDWGQGTQVTVSS	EFTLDYYS	ISSYDGST	AAGIRDWATLREYEYDD
CS585348	QVQLQESGGGLVQPGGSLRLSCAASEFTLDYYSIAWFRQAPGKEREGVSCISSYDGSTSYADSVKGRFTISRDNAKNTVYLQMNSLKPEDTAIYYCAAGIRDWATLREYEYDDWGQGTQVTVSS	EFTLDYYS	ISSYDGST	AAGIRDWATLREYEYDD
DQ315483	GGGGLVQAGGSLRLSCAASGRTFYNYAMGWFRQAPGKEREFVAAISWSGGSTLYTDSVKGRFTISRANGQNTVYLQMNSLKPEDTAVYYCAADADAQPMGIIENYDYWGQG	GRTFYNYA	ISWSGGST	AADADAQPMGIIENYDY
DQ315484	GGGGLVQAGGSLRLSCAASGRTLYNYAMGWFRQAPGKEREFVAAISWSGGSTEYADSVKGRFTISRANAQNKVYLQMNSLKPEDTAVYYCAADADAQPMGVIENYDYWGQG	GRTLYNYA	ISWSGGST	AADADAQPMGVIENYDY
DQ315485	GGGGLVQAGGSLRLSCAASGPTFYNYAMGWFRQAPGKEREFVAAISWSGGSTYYADSVKGRFTISRANAHNTVYLQMNSLKPEDTAVYYCAADADAQPMGIIENYDYWGQG	GPTFYNYA	ISWSGGST	AADADAQPMGIIENYDY
DQ315486	GGGLVQAGGSLRLSCAASGPTFYNYAMGWFRQAPGKEREFVAAISWSGGSTYYADSVKGRFTISRANAHNTVYLQMNSLKPEDTAVYYCAADADAQPMGIIENYDYWGQGMT	GPTFYNYA	ISWSGGST	AADADAQPMGIIENYDY
EF451965	RSQFVESGGGLVQPGGSLRLSCTASGFSLKYWAVGWFRQAPGKEREGVLCVSQSGEITNVANSVKGRFTISRDNDKNTVYLQMNSLKPEDTSVYYCGDAPTCSDSVGDFGSWGQGTQVTVSS	GFSLKYWA	VSQSGEIT	GDAPTCSDSVGDFGS
EF452302	RSQFVESGGGLVQPGGSLRLSCTASGFSLKYWAVGWFRQAPGKEREGVLCVSQSGEITNVANSVKGRFTISRDNDKNTVYLQMNSLKPEDTSVYYCGDAPTCSDSVGDFGSWGQGTQVTVSS	GFSLKYWA	VSQSGEIT	GDAPTCSDSVGDFGS
EF452680	QVQLQESGGGLVQPGGSLRLSCAASGTILQFAPMGWYRQAPGKLRELVASIAGIYSGEYTGYADSVKGRFTISRDNAKNTVYLQMNSLKPEDTAVYYCNLNPVAWNWGQGTQVTVSS	GTILQFAP	IAGIYSGEYT	NLNPVAWN
EF455532	QVQLQESGGGLVQPGGSLRLSCAASGTILQFAPMGWYRQAPGKLRELVASIAGIYSGEYTGYADSVKGRFTISRDNAKNTVYLQMNSLKPEDTAVYYCNLNPVAWNWGQGTQVTVSS	GTILQFAP	IAGIYSGEYT	NLNPVAWN
EF455553	QVQLQESGGGLVQPGGSLRLSCAAPGITFRLYLMGWYRQAPGKQREVVARIGSGGYTNYADSVKGRFTISRDNAKNTVDLQMNSLKPEDTAVYYCNANWGATNFWGKGTLVTVSS	GITFRLYL	IGSGGYT	NANWGATNF
EF455554	QVQLQESGGGLVQPGGSLRLSCAAPGITFRLYLMGWYRQAPGKQREVVARIGSGGYTNYADSVKGRFTISRDNAKNTVDLQMNSLKPEDTAVYYCNANWGATNFWGKGTLVTVSS	GITFRLYL	IGSGGYT	NANWGATNF
EF560695	EVQLVESGGGLVQPGGSLRLSCSFPGSIFSLTMGWYRQAPGKERELVTSATPGGDTNYADFVKGRFTISRDNARSIIYLQMNSLKPEDTAVYYCYARTRNWGTVWGQGTQVTVSS	GSIFSLT	ATPGGDT	YARTRNWGTV
EF561290	EVQLVESGGGLVQPGGSLRLSCSFPGSIFSLTMGWYRQAPGKERELVTSATPGGDTNYADFVKGRFTISRDNARSIIYLQMNSLKPEDTAVYYCYARTRNWGTVWGQGTQVTVSS	GSIFSLT	ATPGGDT	YARTRNWGTV
EU004023	EVQLVESGGGLVQAGGSLRLSCTSSTVTFTPYQMGWYRQAPGKQRALVADISTGGSRTNYADFAKGRFTISRDDVKNTVYLQMNNLKPEDTAVYYCNTYYAMIGHARNWGQGTQVTVSS	TVTFTPYQ	ISTGGSRT	NTYYAMIGHARN
EU004024	EVQLVESGGGLVQAGGSLRLSCTSSTVTFTPYQMGWYRQAPGKQRALVADISTGGSRTNYADFAKGRFTISRDDVKNTVYLQMNNLKPEDTAVYYCNTYYAMIGHARNWGQGTQVTVSS	TVTFTPYQ	ISTGGSRT	NTYYAMIGHARN
EU153125	QVKLEESGGGLVQAGDSLRVSCAASGRDFSDYVMGWFRQAPGKEREFVAAISRNGLTTRYADSVKGRFTISRDNDKNMVYLQMNSLKPEDTAVYYCAVNSAGTYVSPRSREYDYWGQGTQVTVSS	GRDFSDYV	ISRNGLTT	AVNSAGTYVSPRSREYDY
EU153238	QVKLEESGGGLVQAGDSLRVSCAASGRDFSDYVMGWFRQAPGKEREFVAAISRNGLTTRYADSVKGRFTISRDNDKNMVYLQMNSLKPEDTAVYYCAVNSAGTYVSPRSREYDYWGQGTQVTVSS	GRDFSDYV	ISRNGLTT	AVNSAGTYVSPRSREYDY
EU428810	DVQLQESGGGSVQAGGSLKLSCAISGYDNDNYCMGWFRQTPGKEREEVARVSGLSGVSKTTYTASAVKGRFTISLDSSKDTLYLLMNAVTPEDTAMYYCAAIRKPQFYTCRMWKPRADFDIWGQGTQVTVSS	GYDNDNYC	VSGLSGVSKT	AAIRKPQFYTCRMWKPRADFDI
EU429319	DVQLQESGGGSVQAGGSLKLSCAISGYDNDNYCMGWFRQTPGKEREEVARVSGLSGVSKTTYTASAVKGRFTISLDSSKDTLYLLMNAVTPEDTAMYYCAAIRKPQFYTCRMWKPRADFDIWGQGTQVTVSS	GYDNDNYC	VSGLSGVSKT	AAIRKPQFYTCRMWKPRADFDI
EU673468	QVQLEESGGGLVQAGGSLRLSCAASGRTSSNTFVGWFRQAPGKEREFVAAIRRSDDRTYYAASVRGRFTISGDSAKNVVALQMSSLRPEDTAVYYCAATRTWLVTGQSDYPYWGQGTQVTVSS	GRTSSNTF	IRRSDDRT	AATRTWLVTGQSDYPY
EU676170	QVQLEESGGGLVQAGGSLRLSCAASGRTSSNTFVGWFRQAPGKEREFVAAIRRSDDRTYYAASVRGRFTISGDSAKNVVALQMSSLRPEDTAVYYCAATRTWLVTGQSDYPYWGQGTQVTVSS	GRTSSNTF	IRRSDDRT	AATRTWLVTGQSDYPY
EU860100	DVQLQESGGGSVQAGGSLKLSCAISGYDNDNYCMGWFRQTPGKEREKVAALNIGGGSPVYADFVRGRFTISLDSSKDTLYLLMNAVTPEDTAMYYCAAIRKPQFYTCRMWKPRADFDIWGQGTQVTVSS	GYDNDNYC	LNIGGGSP	AAIRKPQFYTCRMWKPRADFDI
EU861212	DVQLQESGGGSVQAGGSLKLSCAISGYDNDNYCMGWFRQTPGKEREKVAALNIGGGSPVYADFVRGRFTISLDSSKDTLYLLMNAVTPEDTAMYYCAAIRKPQFYTCRMWKPRADFDIWGQGTQVTVSS	GYDNDNYC	LNIGGGSP	AAIRKPQFYTCRMWKPRADFDI
EU926738	EVQLQASGGGLVQAGDSLRLSCEAARGTLSDYHVGWFRRPPGKERERVAAISWSGGMTSYTNSVKGRFIISRDNERNIVYLQMTRLKPEDTAVYYCAAKYRDGERPYDYWGQGTLVTVSS	RGTLSDYH	ISWSGGMT	AAKYRDGERPYDY
EU927375	EVQLQASGGGLVQAGDSLRLSCEAARGTLSDYHVGWFRRPPGKERERVAAISWSGGMTSYTNSVKGRFIISRDNERNIVYLQMTRLKPEDTAVYYCAAKYRDGERPYDYWGQGTLVTVSS	RGTLSDYH	ISWSGGMT	AAKYRDGERPYDY
FJ627278	HVQLQQSGGGLVQPGGSLRLSCAASGSIFSIYAMGWYRQAPGKQRELVAAISSYGSTNYADSVKGRFTISRDNAKNTVYLQMNSLKPEDTAVYYCNADIATMTAVGGFDYWGQGTQVTVSS	GSIFSIYA	ISSYGST	NADIATMTAVGGFDY
FJ643070	HVQLQQSGGGLVQPGGSLRLSCAASGSIFSIYAMGWYRQAPGKQRELVAAISSYGSTNYADSVKGRFTISRDNAKNTVYLQMNSLKPEDTAVYYCNADIATMTAVGGFDYWGQGTQVTVSS	GSIFSIYA	ISSYGST	NADIATMTAVGGFDY
FJ795030	QVQLQDSGGGLVQAGGSLRLSCEASGRTFSSYAMGWFRQPPGKEREWVSTISRSGSAIYAYPVKGRFTMSRDNAKNTVYLEMNSLKPEDTAVFYCAAARSGVPSSRPTDYDYWGQGTQVTVSS	GRTFSSYA	ISRSGSA	AAARSGVPSSRPTDYDY
FJ795688	QVQLQDSGGGLVQAGGSLRLSCEASGRTFSSYAMGWFRQPPGKEREWVSTISRSGSAIYAYPVKGRFTMSRDNAKNTVYLEMNSLKPEDTAVFYCAAARSGVPSSRPTDYDYWGQGTQVTVSS	GRTFSSYA	ISRSGSA	AAARSGVPSSRPTDYDY
FJ810211	EVQLVESGGGLVQPGGSLRLSCAASGFTFDGFRMYWVRQAPGKGLEWVSAINTSGRTTYYADSVKGRFIISRDNAKNTLYLQMNSLKSEDTAVYYCAKDGGYYSRMYYFGYWGQGTQVTVSS	GFTFDGFR	INTSGRTT	AKDGGYYSRMYYFGY
FJ810218	EVQLVESGGGLVQPGGSLRLSCAASGFTFDGFRMYWVRQAPGKGLEWVSAINTSGRTTYYADSVKGRFIISRDNAKNTLYLQMNSLKSEDTAVYYCAKDGGYYSRMYYFGYWGQGTQVTVSS	GFTFDGFR	INTSGRTT	AKDGGYYSRMYYFGY
FJ849057	EVQLQESGGGSVQAGGSLRLSCAASGDTVRTMAWFRQAPGKEREGVAGFNLPISRPYYADGMKARFTISGDKSKNTVTLQMDNLAPEDTANYYCAATRYTLDLSSRIFQGDFDHWGHGTQVTVSS	GDTVRT	FNLPISRP	AATRYTLDLSSRIFQGDFDH
FJ851188	EVQLQESGGGSVQAGGSLRLSCAASGDTVRTMAWFRQAPGKEREGVAGFNLPISRPYYADGMKARFTISGDKSKNTVTLQMDNLAPEDTANYYCAATRYTLDLSSRIFQGDFDHWGHGTQVTVSS	GDTVRT	FNLPISRP	AATRYTLDLSSRIFQGDFDH
GU014697	DVQLQESGGGSVQAGGSLKLACTVSGDTAAYTDDGYCLGWFRQATGNEREGVAAINTGSSSTFYIDAVKGRFTFSQDNDDKNIVYLQMNSLRPEDTAMYICAADFTCMPEVTANQALNIMSGSQFAAGGHWGQGTQVTVSS	GDTAAYTDDGYC	INTGSSST	AADFTCMPEVTANQALNIMSGSQFAAGGH
GU014816	DVQLQESGGGSVQAGGSLKLACTVSGDTAAYTDDGYCLGWFRQATGNEREGVAAINTGSSSTFYIDAVKGRFTFSQDNDDKNIVYLQMNSLRPEDTAMYICAADFTCMPEVTANQALNIMSGSQFAAGGHWGQGTQVTVSS	GDTAAYTDDGYC	INTGSSST	AADFTCMPEVTANQALNIMSGSQFAAGGH
GU168729	QLQLVESGGGMVQPGGSLRLSCAASGFTFSTYDMSWVRQAPGKGPEWVSIINAGGGSTYYAASVKGRFAISRDNAKNTLYLQMNNLKPEDTALYYCARVASYYCRGYVCSPPEFDYWGQGTQVTVSS	GFTFSTYD	INAGGGST	ARVASYYCRGYVCSPPEFDY
GU168771	QLQLVESGGGMVQPGGSLRLSCAASGFTFSTYDMSWVRQAPGKGPEWVSIINAGGGSTYYAASVKGRFAISRDNAKNTLYLQMNNLKPEDTALYYCARVASYYCRGYVCSPPEFDYWGQGTQVTVSS	GFTFSTYD	INAGGGST	ARVASYYCRGYVCSPPEFDY
GU168774	QVQLVESGGGLVQPGGSLRLSCVVSGSDFNTYIMGWYRQVPGKPRELVADITTEGKTNYGGSVKGRFTISRDNAKNTVYLQMFGLKPEDAGNYVCNADWKMGAWTAGDYGIDYWGKGTLVTVSS	GSDFNTYI	ITTEGKT	NADWKMGAWTAGDYGIDY
GU230848	DVQLVESGGGLVQAGGSLRLSCAASGIIFSINAMGWYRQAPGKERELVAAISSNGNTLYADSVKGRFTISRDNAKNTLYLQMNSLKPEDTAMYYCTAPDDEYDYWGQGTQVTVSS	GIIFSINA	ISSNGNT	TAPDDEYDY
GU233430	DVQLVESGGGLVQAGGSLRLSCAASGIIFSINAMGWYRQAPGKERELVAAISSNGNTLYADSVKGRFTISRDNAKNTLYLQMNSLKPEDTAMYYCTAPDDEYDYWGQGTQVTVSS	GIIFSINA	ISSNGNT	TAPDDEYDY
HC296884	DVQLVESGGGSVQTGGSLRLSCLASGYTYRSYCRGWFRRPPGKEREAVAIINSLGQTIYVADPVKGRFSISQDNAKDTVYLQMNSLKLNDTAMYYCAVANGGCGESWRPDYVGQGTQVTVSS	GYTYRSYC	INSLGQTI	AVANGGCGESWRPDY
HC299097	DVQLVESGGGSVQTGGSLRLSCLASGYTYRSYCRGWFRRPPGKEREAVAIINSLGQTIYVADPVKGRFSISQDNAKDTVYLQMNSLKLNDTAMYYCAVANGGCGESWRPDYVGQGTQVTVSS	GYTYRSYC	INSLGQTI	AVANGGCGESWRPDY
HC299105	DVQLRASGGGLVQPGGSLRLSCAASGFTFSNYAMYWLRQAPGKGIEWVSRIGPGGSHTEYADSVKGRFTISRDNAKNTLSLQMNSLKPEDTAVYYCAITQQGSGRGQETQVTVSS	GFTFSNYA	IGPGGSHT	AITQQGSG
HC299866	DVQLRASGGGLVQPGGSLRLSCAASGFTFSNYAMYWLRQAPGKGIEWVSRIGPGGSHTEYADSVKGRFTISRDNAKNTLSLQMNSLKPEDTAVYYCAITQQGSGRGQETQVTVSS	GFTFSNYA	IGPGGSHT	AITQQGSG
HC299869	DVQLQVSGGGSVQPGGSLRLSCAAPGFTFSNYAMYWLRQAPGKGIEWVSRIGPGGSHTEYADSVKGRFAISRDNAKNTLSLQMNSLKPEDTAAYYCAITQQGSGRGRGTQVTVSS	GFTFSNYA	IGPGGSHT	AITQQGSG
HC299872	DVQLQVSGGGSVQPGGSLRLSCAASGFTFSNYAMYWLRQAPGKGIEWVSRIGPGGSHTEYADSVKGRFTISRDNAKNTLSLQMNSLKPEDTAVYYCAITQQGSGRGQGTQVTVSS	GFTFSNYA	IGPGGSHT	AITQQGSG
HC299875	DVQLQVSGGGSVQPGGSLRLSCAAPGFTFSNYAMYWLRQAPGKGIEWVSRIGPGGSHTEYADSVKGRFAISRDNAKNTLSLQMNSLKPEDTAAYYCAITQQGSGRGRGTQVTVSS	GFTFSNYA	IGPGGSHT	AITQQGSG
HC299890	DVQLRASGGGLVQPGGSLRLSCAASGFTFSNYAMYWLRQAPGKGIEWVSRIGPGGSHTEYADSVKGRFTISRDNAKNTLSLQMNSLKPEDTAVYYCAITQQGSGRGQETQVTVSS	GFTFSNYA	IGPGGSHT	AITQQGSG
HC319211	DVQLRASGGGLVQPGGSLRLSCAASGFTFSNYAMYWLRQAPGKGIEWVSRIGPGGSHTEYADSVKGRFTISRDNAKNTLSLQMNSLKPEDTAVYYCAITQQGSGRGQETQVTVSS	GFTFSNYA	IGPGGSHT	AITQQGSG
HC319261	DVQLRASGGGLVQPGGSLRLSCAASGFTFSNYAMYWLRQAPGKGIEWVSRIGPGGSHTEYADSVKGRFTISRDNAKNTLSLQMNSLKPEDTAVYYCAITQQGSGRGQETQVTVSS	GFTFSNYA	IGPGGSHT	AITQQGSG
HC319264	DVQLQVSGGGSVQPGGSLRLSCAAPGFTFSNYAMYWLRQAPGKGIEWVSRIGPGGSHTEYADSVKGRFAISRDNAKNTLSLQMNSLKPEDTAAYYCAITQQGSGRGRGTQVTVSS	GFTFSNYA	IGPGGSHT	AITQQGSG
HC319267	DVQLQVSGGGSVQPGGSLRLSCAASGFTFSNYAMYWLRQAPGKGIEWVSRIGPGGSHTEYADSVKGRFTISRDNAKNTLSLQMNSLKPEDTAVYYCAITQQGSGRGQGTQVTVSS	GFTFSNYA	IGPGGSHT	AITQQGSG
HC319270	DVQLQVSGGGSVQPGGSLRLSCAAPGFTFSNYAMYWLRQAPGKGIEWVSRIGPGGSHTEYADSVKGRFAISRDNAKNTLSLQMNSLKPEDTAAYYCAITQQGSGRGRGTQVTVSS	GFTFSNYA	IGPGGSHT	AITQQGSG
HC319285	DVQLRASGGGLVQPGGSLRLSCAASGFTFSNYAMYWLRQAPGKGIEWVSRIGPGGSHTEYADSVKGRFTISRDNAKNTLSLQMNSLKPEDTAVYYCAITQQGSGRGQETQVTVSS	GFTFSNYA	IGPGGSHT	AITQQGSG
HE652877	QVQLQESGPGLVKPSQTLSLSCTVSGGSITTKNYAWNWIRQPPGKGLEWMGAISAGGTPYYSPSLESRTSISRDTSKNQISLQLSSVTPEDTAEYYCARSEATLVGPGDQLEHWGQGILVTVSS	GGSITTKNYA	ISAGGTP	ARSEATLVGPGDQLEH
HE653038	QVQLQESGPGLVKPSQTLSLSCTVSGGSITTKNYAWNWIRQPPGKGLEWMGAISAGGTPYYSPSLESRTSISRDTSKNQISLQLSSVTPEDTAEYYCARSEATLVGPGDQLEHWGQGILVTVSS	GGSITTKNYA	ISAGGTP	ARSEATLVGPGDQLEH
HG975188	RTGMSWVRQAPGKGLEWVSSISGAGGSSWYAGSVKGRFTISRDNANNTLYLQLNGLKTEDTAMYYCTKDFYPTHTGQGQGTQVTVSS	RTG	ISGAGGSS	TKDFYPTHTG
HI422754	QVQLVESWGGSVQAGGSLRLSCTAPGFTSNSCRMDWYRQAAGKQREWVSSISTDGRTSYADSVKGRFTISKDKAKDTVYLQMNSLKPEDTAIYYCAVRTNGYRPQSHEFRYWGPGTQVTVSS	GFTSNSCR	ISTDGRT	AVRTNGYRPQSHEFRY
HI422769	QVQLVESWGGSVQAGGSLRLSCTAPGFTSNSCRMDWYRQAAGKQREWVSSISTDGRTSYADSVKGRFTISKDKAKDTVYLQMNSLKPEDTAIYYCAVRTNGYRPQSHEFRYWGPGTQVTVSS	GFTSNSCR	ISTDGRT	AVRTNGYRPQSHEFRY
HI422771	QVQLVESGGALVQPGGSLRLSCAASGFPVNRYSMRWYRQAPGKEREWVAGMSSAGDRSSYEDSVKGRFTISRDDARNTVYLQMNSLKPEDTAVYYCNVNVGFEYWGQGTQVTVSS	GFPVNRYS	MSSAGDRS	NVNVGFEY
HI422775	QVQLVESGGALVQPGGSLRLSCAASGFPVNRYSMRWYRQAPGKEREWVAGMSSAGDRSSYEDSVKGRFTISRDDARNTVYLQMNSLKPEDTAVYYCNVNVGFEYWGQGTQVTVSS	GFPVNRYS	MSSAGDRS	NVNVGFEY
HI422779	QVQLVESWGGSVQAGGSLRLSCTAPGFTSNSCRMDWYRQAAGKQREWVSSISTDGRTSYADSVKGRFTISKDKAKDTVYLQMNSLKPEDTAIYYCAVRTNGYRPQSHEFRYWGPGTQVTVSS	GFTSNSCR	ISTDGRT	AVRTNGYRPQSHEFRY
HM001300	RTGMSWVRQAPGKGLEWVSSISGAGGSSWYAGSVKGRFTISRDNANNTLYLQLNGLKTEDTAMYYCTKDFYPTHTGQGQGTQVTVSS	RTG	ISGAGGSS	TKDFYPTHTG
HQ700342	QVQLVESGGGLVQPGGSLRLSCVVSGSDFNTYIMGWYRQVPGKPRELVADITTEGKTNYGGSVKGRFTISRDNAKNTVYLQMFGLKPEDAGNYVCNADWKMGAWTAGDYGIDYWGKGTLVTVSS	GSDFNTYI	ITTEGKT	NADWKMGAWTAGDYGIDY
HQ700702	QVQLVESGGGLVQPGGSLRLSCVVSGSDFNTYIMGWYRQVPGKPRELVADITTEGKTNYGGSVKGRFTISRDNAKNTVYLQMFGLKPEDAGNYVCNADWKMGAWTAGDYGIDYWGKGTLVTVSS	GSDFNTYI	ITTEGKT	NADWKMGAWTAGDYGIDY
JF311434	QVQLQESGGGSVQAGGSLRLSCAASGLTDSTCGMAWYRQAPGKERELVSTIITDGNTYYADSVKGRFTISQDNAKNRVFLQMNSLKPEDTAMYYCNSWSESKRLCLPDNYWGQGTQVTVSS	GLTDSTCG	IITDGNT	NSWSESKRLCLPDNY
JF313256	QVQLVQSGGGLIHPGGSLSLSCVGSGLSVSGSYMSWVRLAPGKGLEWVSILYKGGSTYYSDAVKGRFTISRDKSKNTLYLQMNSLKVEDTAVYYCARDYRAGSWPRQGLDVWGQGTMVTVSS	GLSVSGSY	LYKGGST	ARDYRAGSWPRQGLDV
JF313902	QVQLQESGGGSVQAGGSLRLSCAASGLTDSTCGMAWYRQAPGKERELVSTIITDGNTYYADSVKGRFTISQDNAKNRVFLQMNSLKPEDTAMYYCNSWSESKRLCLPDNYWGQGTQVTVSS	GLTDSTCG	IITDGNT	NSWSESKRLCLPDNY
JN232953	QVQLQESGGGLVQPGGSLRLSCAASGLIFRFSAMSWYRQGPGKERELVAGITSNGGTTNYADFAKGRFTISRDNAKNTVDLQMNSLKPEDTAVYYCHAGLRMDSRDWGQGTQVTVSS	GLIFRFSA	ITSNGGTT	HAGLRMDSRD
JN234011	QVQLQESGGGLVQPGGSLRLSCAASGLIFRFSAMSWYRQGPGKERELVAGITSNGGTTNYADFAKGRFTISRDNAKNTVDLQMNSLKPEDTAVYYCHAGLRMDSRDWGQGTQVTVSS	GLIFRFSA	ITSNGGTT	HAGLRMDSRD
JQ067602	QVHLVESGGGSVQSGGSLRLSCVASGQSTMCMAWFRQAPGKERETVASIDARGTTTYADLVKGRFTVGQDNGQNTLYLQMDDLKPEDTAMYCCAADPRGWWSSLSRPSDIVHWGQGTRVTVSS	GQSTMC	IDARGTT	AADPRGWWSSLSRPSDIVH
JQ068732	QVHLVESGGGSVQSGGSLRLSCVASGQSTMCMAWFRQAPGKERETVASIDARGTTTYADLVKGRFTVGQDNGQNTLYLQMDDLKPEDTAMYCCAADPRGWWSSLSRPSDIVHWGQGTRVTVSS	GQSTMC	IDARGTT	AADPRGWWSSLSRPSDIVH
JQ965670	EVQVVESGGGSVQAGGSLRLSCAASGDTYSRRCMGWFRQAPGKGREGVATIHTNGGGSTAYADSAKGRFTISQDNAKDTVYLQMQDLEPEDTAIYYCAAQYAASKTYGRSCGTALGDYKYWGQGTLVTVSS	GDTYSRRC	IHTNGGGST	AAQYAASKTYGRSCGTALGDYKY
JQ965681	EVQVVESGGGSVQAGGSLRLSCAASGDTYSRRCMGWFRQAPGKGREGVATIHTNGGGSTAYADSAKGRFTISQDNAKDTVYLQMQDLEPEDTAIYYCAAQYAASKTYGRSCGTALGDYKYWGQGTLVTVSS	GDTYSRRC	IHTNGGGST	AAQYAASKTYGRSCGTALGDYKY
JX046106	QVQLVQSGGGLVQAGGSLRLSCAASGRTFSSYAMAWFRQAPGKEREFVAAISWSGANIYVADSVKGRFTISRDNAKDTVYLQMNSLKPEDTAVYYCAVKLGFAPVEERQYDYWGQGTQVTVSS	GRTFSSYA	ISWSGANI	AVKLGFAPVEERQYDY
JX047590	QVQLVQSGGGLVQAGGSLRLSCAASGRTFSSYAMAWFRQAPGKEREFVAAISWSGANIYVADSVKGRFTISRDNAKDTVYLQMNSLKPEDTAVYYCAVKLGFAPVEERQYDYWGQGTQVTVSS	GRTFSSYA	ISWSGANI	AVKLGFAPVEERQYDY
JX573540	DVQLVESGGGSVQGAAGGSLRLSCAASDITYSTDCMGWFRQAPGKEREGVATINNGRAITYYADSVKGRFTISQDNAKNTVYLQMNSLRPKDTAIYYCAARLRAGYCYPADYSMDYWGKGTQVTVSS	DITYSTDC	INNGRAIT	AARLRAGYCYPADYSMDY
JX576799	DVQLVESGGGSVQGAAGGSLRLSCAASDITYSTDCMGWFRQAPGKEREGVATINNGRAITYYADSVKGRFTISQDNAKNTVYLQMNSLRPKDTAIYYCAARLRAGYCYPADYSMDYWGKGTQVTVSS	DITYSTDC	INNGRAIT	AARLRAGYCYPADYSMDY
KC109620	EVQLLESGGGLVQPGRALRLSCAASGFTFEDYAMFWVRQAPGKGLEWVSGISWNSGSIGYADSVKGRFTISRDNGKNSLYLQMNSLRVEDTALYYCAKDIRIFGIWGSSRYMDVWGKGTLVTVSS	GFTFEDYA	ISWNSGSI	AKDIRIFGIWGSSRYMDV
KC110656	EVQLLESGGGLVQPGRALRLSCAASGFTFEDYAMFWVRQAPGKGLEWVSGISWNSGSIGYADSVKGRFTISRDNGKNSLYLQMNSLRVEDTALYYCAKDIRIFGIWGSSRYMDVWGKGTLVTVSS	GFTFEDYA	ISWNSGSI	AKDIRIFGIWGSSRYMDV
KC110663	QVQLQQSGPGLVKPSQTLSLSCAISGDSVSSNSAAWNWIRQSPSRGLEWLGRTYYRSKWYNDYAVSVKSRITINPDTSKNQFSLQLNSVTPEDTAVYYCTRKLGGAFDIWGRGTLVTVSS	GDSVSSNSAA	TYYRSKWYN	TRKLGGAFDI
KC189826	SLVQAGGSLRLACAASASGYTESVKWMGWFRQAPGQEREGVAVISIPGGSTYYDDHVKGRFTISQDNAQNTVYLQMNSLKPEDTAMYYCAARNAGGRFRPSAAGGYNYWGQGTQVTVSS	ASGYTESVKW	ISIPGGST	AARNAGGRFRPSAAGGYNY
KC189943	SLVQAGGSLRLACAASASGYTESVKWMGWFRQAPGQEREGVAVISIPGGSTYYDDHVKGRFTISQDNAQNTVYLQMNSLKPEDTAMYYCAARNAGGRFRPSAAGGYNYWGQGTQVTVSS	ASGYTESVKW	ISIPGGST	AARNAGGRFRPSAAGGYNY
KC329460	DVQLQASGGGLVQAGGSLRLSCAASGRTSSMYSMVWFRQAPGKEREFVAGIIWTSSLTYYADSLKGRFTISRDNAKNTVYLQMNSLKPEDTAIYYCAADTKTGGGGYEYWGQVTVTVSS	GRTSSMYS	IIWTSSLT	AADTKTGGGGYEY
KC329698	DVQLQASGGGLVQAGGSLRLSCAASGRTSSMYSMVWFRQAPGKEREFVAGIIWTSSLTYYADSLKGRFTISRDNAKNTVYLQMNSLKPEDTAIYYCAADTKTGGGGYEYWGQVTVTVSS	GRTSSMYS	IIWTSSLT	AADTKTGGGGYEY
KC793276	EVQLVQSGGGLVQPGGSLRLSCAASGFTFSSYAMSWVRQAPGKGLEWVSAISGSGGSTYYADSVKGRFTISRDNSKNTLYLQMNSLRAEDTAVYYCAKEKHCGGDCYPGWYFDYWGRGTLVTVSS	GFTFSSYA	ISGSGGST	AKEKHCGGDCYPGWYFDY
KC793293	QVQLQQSGPGLVKPSQTLSLSCAISGDSVSSNSAAWNWIRQSPSRGLEWLGRTYYRSKWYNDYAVSVKSRITINPDTSKNQFSLQLNSVTPEDTAVYYCTRKLGGAFDIWGRGTLVTVSS	GDSVSSNSAA	TYYRSKWYN	TRKLGGAFDI
KC793307	EVQLLESGGGLVQPGRALRLSCAASGFTFEDYAMFWVRQAPGKGLEWVSGISWNSGSIGYADSVKGRFTISRDNGKNSLYLQMNSLRVEDTALYYCAKDIRIFGIWGSSRYMDVWGKGTLVTVSS	GFTFEDYA	ISWNSGSI	AKDIRIFGIWGSSRYMDV
KC793308	EVQLVQSGGGLVKPGGSRRLSCAASGFTFSSYNINWVRQAPGKGLEWVSSTSSRSSYIYYADSVKGRFTISRDNAKNSLYLQMNSLRAEDTAVYYCARASQQLAQGSYQYYGMDVWGQGTMVTVSS	GFTFSSYN	TSSRSSYI	ARASQQLAQGSYQYYGMDV
KC793309	EVQLVQSGGGLVQPGGSLRLSCAASGFTFSSYAMSWVRQAPGKGLEWVSAISGSGGSTYYADSVKGRFTISRDNSKNTLYLQMNSLRAEDTAVYYCAKEKHCGGDCYPGWYFDYWGRGTLVTVSS	GFTFSSYA	ISGSGGST	AKEKHCGGDCYPGWYFDY
KC793314	QVQLVQSGGGLIHPGGSLSLSCVGSGLSVSGSYMSWVRLAPGKGLEWVSILYKGGSTYYSDAVKGRFTISRDKSKNTLYLQMNSLKVEDTAVYYCARDYRAGSWPRQGLDVWGQGTMVTVSS	GLSVSGSY	LYKGGST	ARDYRAGSWPRQGLDV
KC793317	QVQLQQSGPGLVKPSQTLSLSCAISGDSVSSNSAAWNWIRQSPSRGLEWLGRTYYRSKWYNDYAVSVKSRITINPDTSKNQFSLQLNSVTPEDTAVYYCTRKLGGAFDIWGRGTLVTVSS	GDSVSSNSAA	TYYRSKWYN	TRKLGGAFDI
KC811327	HVQLVESGGGSVQAGGSLRLSCAASGYTYSSNCMGWFRQAPGKEREGVAGVYAGGGWIYYADSVKGRFAISQDNAKNMVYLQMNSLKPEDTAMYYCVAGGSLYSGSCSRYWDEYRYRGQGTQVTVSS	GYTYSSNC	VYAGGGWI	VAGGSLYSGSCSRYWDEYRY
KC816013	HVQLVESGGGSVQAGGSLRLSCAASGYTYSSNCMGWFRQAPGKEREGVAGVYAGGGWIYYADSVKGRFAISQDNAKNMVYLQMNSLKPEDTAMYYCVAGGSLYSGSCSRYWDEYRYRGQGTQVTVSS	GYTYSSNC	VYAGGGWI	VAGGSLYSGSCSRYWDEYRY
KC845023	QVQLQESGGGLVQAGGSLRLSCEASGNVDRIDAMGWFRQAPGKQREFVGYISEGGILNYGDFVKGRFTISRDNAKNTVYLQMSNLKSEDTGVYFCAASHWGTLLIKGIEHWGKGTQVTVSS	GNVDRIDA	ISEGGIL	AASHWGTLLIKGIEH
KC848183	QVQLQESGGGLVQAGGSLRLSCEASGNVDRIDAMGWFRQAPGKQREFVGYISEGGILNYGDFVKGRFTISRDNAKNTVYLQMSNLKSEDTGVYFCAASHWGTLLIKGIEHWGKGTQVTVSS	GNVDRIDA	ISEGGIL	AASHWGTLLIKGIEH
KC848502	QVQLQESGGGLVQAGGSLRLSCEASGNVDRIDAMGWFRQAPGKQREFVGYISEGGILNYGDFVKGRFTISRDNAKNTVYLQMSNLKSEDTGVYFCAASHWGTLLIKGIEHWGKGTQVTVSS	GNVDRIDA	ISEGGIL	AASHWGTLLIKGIEH
KC848505	QVQLQESGGGLVQAGGSLRLSCAASGLTFDTYAMGWFRQAPGKKREYVAAISWTGISTYYADIAKGRFTISRDNAKNTLYLQMDSLKPEDTAVYYCAAQRSLNVPAPWDYWGQGTQVTVSS	GLTFDTYA	ISWTGIST	AAQRSLNVPAPWDY
KC848506	QVQLQESGGGLVQAGGSLRLSCEASGNVDRIDAMGWFRQAPGKQREFVGYISEGGILNYGDFVKGRFTISRDNAKNTVYLQMSNLKSEDTGVYFCAASHWGTLLIKGIEHWGKGTQVTVSS	GNVDRIDA	ISEGGIL	AASHWGTLLIKGIEH
KC848507	QVQLQESGGGLVQAGGSLRLSCAASGLTFDTYAMGWFRQAPGKKREYVAAISWTGISTYYADIAKGRFTISRDNAKNTLYLQMDSLKPEDTAVYYCAAQRSLNVPAPWDYWGQGTQVTVSS	GLTFDTYA	ISWTGIST	AAQRSLNVPAPWDY
KF007337	EVQLVESGGGLVQPGGSLRLSCAASRSIISNNAMGWYRQAPGKQRELVARISSGGRTTYADSVKGRFTISRDNAKTTVYLQMNSLKPEDTAVYYCNAASLVRGPLDHWGQGTQVTVSS	RSIISNNA	ISSGGRT	NAASLVRGPLDH
KF013131	EVQLVESGGGLVQPGGSLRLSCAASRSIISNNAMGWYRQAPGKQRELVARISSGGRTTYADSVKGRFTISRDNAKTTVYLQMNSLKPEDTAVYYCNAASLVRGPLDHWGQGTQVTVSS	RSIISNNA	ISSGGRT	NAASLVRGPLDH
KF179316	HVQLVESGGGSVQAGGSLRLSCKASGYAYVSNCLAWFRQAPGKEREEVAAIYSGGGSTYYADSVKGRFTISLDIPKSAVYLQMNSLKPDDTAMYYCAALSGVCDGGPSMTAIQGIGVQGTQVTVSS	GYAYVSNC	IYSGGGST	AALSGVCDGGPSMTAIQG
KF179360	HVQLVESGGGSVQAGGSLRLSCKASGYAYVSNCLAWFRQAPGKEREEVAAIYSGGGSTYYADSVKGRFTISLDIPKSAVYLQMNSLKPDDTAMYYCAALSGVCDGGPSMTAIQGIGVQGTQVTVSS	GYAYVSNC	IYSGGGST	AALSGVCDGGPSMTAIQG
KF192957	QVQLVESGGGLVQAGGSLRLSCAASGRTFSTSTLGWFRQAPGKEREFVAAISWLGGRTNYADSVKGRFTISRDSAKNTLFLQLNSLKPEDTAVYYCYARRLGVDYWGQGTQVTVSS	GRTFSTST	ISWLGGRT	YARRLGVDY
KF193086	QVQLVESGGGLVQAGGSLRLSCAASGRTFSTSTLGWFRQAPGKEREFVAAISWLGGRTNYADSVKGRFTISRDSAKNTLFLQLNSLKPEDTAVYYCYARRLGVDYWGQGTQVTVSS	GRTFSTST	ISWLGGRT	YARRLGVDY
KF543821	EVQLVESGGGLVQAGDSLRLSCTASGRTFSRAVMGWFRQAPGKEREFVAAISAAPGTAYYAFYADSVRGRFSISADSAKNTVYLQMNSLKPEDTAVYYCAADLKMQVAAYMNQRSVDYWGQGTQVTVSS	GRTFSRAV	ISAAPGTAYYA	AADLKMQVAAYMNQRSVDY
KF551909	QVQLVETGGGLAQAGDSLRLSCVEPGRTLDMYAMGWIRQAPGEEREFVASISGVGGSPRYADSVKGRFTISKDNTKSTIWLQMNSLKPEDTAVYYCAAGGDIYYGGSPQWRGQGTRVTVSS	GRTLDMYA	ISGVGGSP	AAGGDIYYGGSPQW
KF551949	QVQLVETGGGLAQAGDSLRLSCVEPGRTLDMYAMGWIRQAPGEEREFVASISGVGGSPRYADSVKGRFTISKDNTKSTIWLQMNSLKPEDTAVYYCAAGGDIYYGGSPQWRGQGTRVTVSS	GRTLDMYA	ISGVGGSP	AAGGDIYYGGSPQW
KF553633	EVQLVESGGGLVQAGDSLRLSCTASGRTFSRAVMGWFRQAPGKEREFVAAISAAPGTAYYAFYADSVRGRFSISADSAKNTVYLQMNSLKPEDTAVYYCAADLKMQVAAYMNQRSVDYWGQGTQVTVSS	GRTFSRAV	ISAAPGTAYYA	AADLKMQVAAYMNQRSVDY
KF709548	QLQLVESGGGLVQAGGSLRLSCAASGRTFSRYAMGWFRQAPGKEREFVAAISRSGVNTRYEDSVKGRSTISRDNAKRSVFLQMDSLKRDDTAVYYCAARRGPGTSVLSDDYDYWGQGTQVTVSS	GRTFSRYA	ISRSGVNT	AARRGPGTSVLSDDYDY
KF713488	QLQLVESGGGLVQAGGSLRLSCAASGRTFSRYAMGWFRQAPGKEREFVAAISRSGVNTRYEDSVKGRSTISRDNAKRSVFLQMDSLKRDDTAVYYCAARRGPGTSVLSDDYDYWGQGTQVTVSS	GRTFSRYA	ISRSGVNT	AARRGPGTSVLSDDYDY
KF745791	QVQLVESGGGLVQPGGSLRLSCAASGFTLDDYAIGWFRQVPGKEREGVACVKDGSTYYADSVKGRFTISRDNGAVYLQMNSLKPEDTAVYYCASRPCFLGVPLIDFGSWGQGTQVTVSS	GFTLDDYA	VKDGST	ASRPCFLGVPLIDFGS
KF746018	QVQLVESGGGLVQPGGSLRLSCAASGFTLDDYAIGWFRQVPGKEREGVACVKDGSTYYADSVKGRFTISRDNGAVYLQMNSLKPEDTAVYYCASRPCFLGVPLIDFGSWGQGTQVTVSS	GFTLDDYA	VKDGST	ASRPCFLGVPLIDFGS
KF811175	QVKLEESGGGLVQAGGSRRLSCATSGLTFRNFHMAWFRQVAGKEREVVAAISWSRDRQYYPDPVKGRFTITRDNAKNTVYLQMNSLKPEDTAVYYCAARTASASGDWYKGSYQYWGQGTQVTVSS	GLTFRNFH	ISWSRDRQ	AARTASASGDWYKGSYQY
KF812523	QVKLEESGGGLVQAGGSRRLSCATSGLTFRNFHMAWFRQVAGKEREVVAAISWSRDRQYYPDPVKGRFTITRDNAKNTVYLQMNSLKPEDTAVYYCAARTASASGDWYKGSYQYWGQGTQVTVSS	GLTFRNFH	ISWSRDRQ	AARTASASGDWYKGSYQY
KF990215	DVQLQESGGGSVQAGGSLKLSCAISGYDNDNYCMGWFRQTPGKEREKVAALNIGGGSPVYADFVRGRFTISLDSSKDTLYLLMNAVTPEDTAMYYCAAIRKPQFYTCRMWKPRADFDIWGQGTQVTVSS	GYDNDNYC	LNIGGGSP	AAIRKPQFYTCRMWKPRADFDI
KJ152769	DVQLVESGGGLVQAGGSLRLSCTASGFTFDDYTMGWFRQAPGKEREGVSYIGWSGSTSGSTTYYTDSVKGRFTISRDNAKNTLYLQMNSLKPEDTAMYYCAAARYRGIGSQVRWTDFIYWGQGTLVTVS	GFTFDDYT	SGSTSGSTT	AAARYRGIGSQVRWTDFIY
KJ158166	DVQLVESGGGLVQAGGSLRLSCTASGFTFDDYTMGWFRQAPGKEREGVSYIGWSGSTSGSTTYYTDSVKGRFTISRDNAKNTLYLQMNSLKPEDTAMYYCAAARYRGIGSQVRWTDFIYWGQGTLVTVS	GFTFDDYT	SGSTSGSTT	AAARYRGIGSQVRWTDFIY
KJ590468	EVQLVQSGGGLVKPGGSRRLSCAASGFTFSSYNINWVRQAPGKGLEWVSSTSSRSSYIYYADSVKGRFTISRDNAKNSLYLQMNSLRAEDTAVYYCARASQQLAQGSYQYYGMDVWGQGTMVTVSS	GFTFSSYN	TSSRSSYI	ARASQQLAQGSYQYYGMDV
KJ660982	DVQLVESGGGSVQAGGSLRLSCAGSGYMYSSKAMGWFRQAPGKEREGVAIIYTDGYSPYYADSVKGRFTISQDNAKNTVYLQMNSLKPEDTAMYYCAASKRGPSMGWVPKSASYFGDWGQGTQVTVS	GYMYSSKA	IYTDGYSP	AASKRGPSMGWVPKSASYFGD
KJ662673	DVQLVESGGGSVQAGGSLRLSCAGSGYMYSSKAMGWFRQAPGKEREGVAIIYTDGYSPYYADSVKGRFTISQDNAKNTVYLQMNSLKPEDTAMYYCAASKRGPSMGWVPKSASYFGDWGQGTQVTVS	GYMYSSKA	IYTDGYSP	AASKRGPSMGWVPKSASYFGD
KJ729127	QVQLQESGGGSVQAGGSLKLSCAASGGAYRNACMGWFRQAPGKEREGVAIINSVDTTYYADPVKGRFTISRDNAKSTVYLLMNSLKPEDTAIYYCAQVARVVCPGDKLGASGYNYWGQGTQVTVSS	GGAYRNAC	INSVDTT	AQVARVVCPGDKLGASGYNY
KJ732835	QVQLQESGGGSVQAGGSLKLSCAASGGAYRNACMGWFRQAPGKEREGVAIINSVDTTYYADPVKGRFTISRDNAKSTVYLLMNSLKPEDTAIYYCAQVARVVCPGDKLGASGYNYWGQGTQVTVSS	GGAYRNAC	INSVDTT	AQVARVVCPGDKLGASGYNY
KJ749828	DVQLVESGGGSVQTGGSLTLSCAASGSTVTIGSMGWFRQAPGKEREGVALIYTGRGSTNYADSVKGRFTISQGNAKNTVYLQMNSLKPEDTAIYYCAAAPGRPSLKYEMRQVDFRYWGQGTQVTVSS	GSTVTIGS	IYTGRGST	AAAPGRPSLKYEMRQVDFRY
KJ751546	DVQLVESGGGSVQTGGSLTLSCAASGSTVTIGSMGWFRQAPGKEREGVALIYTGRGSTNYADSVKGRFTISQGNAKNTVYLQMNSLKPEDTAIYYCAAAPGRPSLKYEMRQVDFRYWGQGTQVTVSS	GSTVTIGS	IYTGRGST	AAAPGRPSLKYEMRQVDFRY
KM099951	QVKLEESGGGSVQAGGSLRLSCAASGHTYSTYCMGWFRQVPGKEREGVARINVGGSSTWYADSVRDRFTISQDNAKNTVYLQMNSLKLEDTAIYYCTLHRFCNTWSLGTLNVWGQGTQVTVSS	GHTYSTYC	INVGGSST	TLHRFCNTWSLGTLNV
KM101110	QVKLEESGGGSVQAGGSLRLSCAASGHTYSTYCMGWFRQVPGKEREGVARINVGGSSTWYADSVRDRFTISQDNAKNTVYLQMNSLKLEDTAIYYCTLHRFCNTWSLGTLNVWGQGTQVTVSS	GHTYSTYC	INVGGSST	TLHRFCNTWSLGTLNV
KP696756	QVQLQESGGGLQAGASLRLSCAAGFAYSTYSMGWFRQVSGKEREAVATINSGTFRLWYTDSVKGFTISRDNAKNMLYLQMNSLKPEDTAIYYCAARAWSPYSSTVDAGDFRYWGQGTQVTVSS	GFAYSTYS	INSGTFRL	AARAWSPYSSTVDAGDFRY
KP698934	QVQLQESGGGLQAGASLRLSCAAGFAYSTYSMGWFRQVSGKEREAVATINSGTFRLWYTDSVKGFTISRDNAKNMLYLQMNSLKPEDTAIYYCAARAWSPYSSTVDAGDFRYWGQGTQVTVSS	GFAYSTYS	INSGTFRL	AARAWSPYSSTVDAGDFRY
KP986487	QVQLVESGGGLVQPGGSLRLSCAASGSSFSRYAMRWYRQAPGKQRELVANINSRGTSNYADSVKGRFTISRDNAKNTVYLQMNSLKPEDTAVYYCNAEWLGRSEPSWGQGTQVTVSS	GSSFSRYA	INSRGTS	NAEWLGRSEPS
KP987090	QVQLVESGGGLVQPGGSLRLSCAASGSSFSRYAMRWYRQAPGKQRELVANINSRGTSNYADSVKGRFTISRDNAKNTVYLQMNSLKPEDTAVYYCNAEWLGRSEPSWGQGTQVTVSS	GSSFSRYA	INSRGTS	NAEWLGRSEPS
KR028378	EVQLVESGGGSVQAGGSLRLSCAASGYTYCSYGMSWYRQAPGKEREFVSAIDSDGSTSYADSVKGRFTISQDNAKNTVYLQMNSLIPEDTAMYYCKTDQTGGSWWADCRYLEVWGQGTMVTVSS	GYTYCSYG	IDSDGST	KTDQTGGSWWADCRYLEV
KR045613	EVQLVESGGGSVQAGGSLRLSCAASGYTYCSYGMSWYRQAPGKEREFVSAIDSDGSTSYADSVKGRFTISQDNAKNTVYLQMNSLIPEDTAMYYCKTDQTGGSWWADCRYLEVWGQGTMVTVSS	GYTYCSYG	IDSDGST	KTDQTGGSWWADCRYLEV
KR363057	EVQLVESGGGLVQAGGSLRLSCAASGRTFSRTSMGWFRQAPGKEREFVAAINWGRGSTYYADSVKGRFTISRDNAKNTVYLQMNSLKPEDTAVYYCAAGQEGFYTLVPRNSRNWSYWGQGTQVTVSS	GRTFSRTS	INWGRGST	AAGQEGFYTLVPRNSRNWSY
KR363186	EVQLVESGGGLVQAGGSLRLSCAASGRTFSRTSMGWFRQAPGKEREFVAAINWGRGSTYYADSVKGRFTISRDNAKNTVYLQMNSLKPEDTAVYYCAAGQEGFYTLVPRNSRNWSYWGQGTQVTVSS	GRTFSRTS	INWGRGST	AAGQEGFYTLVPRNSRNWSY
KR632637	QVQLQESGGGSVQPGGSLRLSCAASEYTASGNSMGWFRQAPGKEREGVAAINVGGRSTHYADSVAGRFTISQDSPKNTVYLQMNSLKPEDTAIYYCAAARGWKNRDTWLSGYNYWGQGTQVTVSS	EYTASGNS	INVGGRST	AAARGWKNRDTWLSGYNY
KR633139	QVQLQESGGGSVQPGGSLRLSCAASEYTASGNSMGWFRQAPGKEREGVAAINVGGRSTHYADSVAGRFTISQDSPKNTVYLQMNSLKPEDTAIYYCAAARGWKNRDTWLSGYNYWGQGTQVTVSS	EYTASGNS	INVGGRST	AAARGWKNRDTWLSGYNY
KT428153	QVQLQESGGGSVQAGGSLKLSCAASGYIASGCGMGGMAWYRQAPGKERELVSTISRDGIRYIGAVKGRFTISRDSAKNTLYLQMSSLKTEDTGVYYCAACRRSIDDYTYWGQGTQVTVSS	GYIASGCGMGG	ISRDGI	AACRRSIDDYTY
KT428334	QVQLQESGGGSVQAGGSLKLSCAASGYIASGCGMGGMAWYRQAPGKERELVSTISRDGIRYIGAVKGRFTISRDSAKNTLYLQMSSLKTEDTGVYYCAACRRSIDDYTYWGQGTQVTVSS	GYIASGCGMGG	ISRDGI	AACRRSIDDYTY
KT735052	DVQLQASGGGSVQTGGSLRLSCAASGYSGSRYSMAWFRQVPGKEREGLAFINDDGSRTHYEGSAKDRFGISRDNAQNTMYLQMNGLKPEDTAMYYCAARESTWWITVPLGEAEYPYWGQGTQVTVSS	GYSGSRYS	INDDGSRT	AARESTWWITVPLGEAEYPY
KT737375	DVQLQASGGGSVQTGGSLRLSCAASGYSGSRYSMAWFRQVPGKEREGLAFINDDGSRTHYEGSAKDRFGISRDNAQNTMYLQMNGLKPEDTAMYYCAARESTWWITVPLGEAEYPYWGQGTQVTVSS	GYSGSRYS	INDDGSRT	AARESTWWITVPLGEAEYPY
KU296865	QVQLQESGGGSVQVGGSLRVACAASGDTFSGYLAAWFRQAPGKGREGVAAINSKRHTTSYADSVKGRFTISKDNADNIMYLEMNSLKPEDTAIYYCAAADAIGLAEYWSTPTLSAARYKYWGQGTQVTVSS	GDTFSGYL	INSKRHTT	AAADAIGLAEYWSTPTLSAARYKY
KU302675	QVQLQESGGGSVQVGGSLRVACAASGDTFSGYLAAWFRQAPGKGREGVAAINSKRHTTSYADSVKGRFTISKDNADNIMYLEMNSLKPEDTAIYYCAAADAIGLAEYWSTPTLSAARYKYWGQGTQVTVSS	GDTFSGYL	INSKRHTT	AAADAIGLAEYWSTPTLSAARYKY
KU500643	EVQLVESGGGSVQAGDSLRLSCAASGRTFGSIRVGWFRQTPGKEREFVAAINRNDGTTYYADSVKGRFTISRDNAKNTVYMQMASLKPEDTAVYYCAAGLQYNRSADRVPVGAVYWGQGTQVTVSS	GRTFGSIR	INRNDGTT	AAGLQYNRSADRVPVGAVY
KU504630	DVQLQASGGGFVQAGGSLRLTCVASGHTFGSYAMGWFRQAPGKEREFVAAISWSGGDTYADSVKGRFTISRDNAKNTVYLQMNSLEPEDTAVYSCAAVGARYYISKDAKDYGYWGQGTQVTVSS	GHTFGSYA	ISWSGGD	AAVGARYYISKDAKDYGY
KU508539	DVQLQASGGGFVQAGGSLRLTCVASGHTFGSYAMGWFRQAPGKEREFVAAISWSGGDTYADSVKGRFTISRDNAKNTVYLQMNSLEPEDTAVYSCAAVGARYYISKDAKDYGYWGQGTQVTVSS	GHTFGSYA	ISWSGGD	AAVGARYYISKDAKDYGY
KU554443	QVQLQESGGGSVISGGSLRLSCAASGYTYSRYSLGWFRQVPGKEREGVASITSAGSTTYADSVKGRFTISQDNAKSTLYLQMNSLKPEDTAMYYCALAGRFYNPQHWALRSGEYAYWGQGTQVTVSS	GYTYSRYS	ITSAGST	ALAGRFYNPQHWALRSGEYAY
KU555411	QVQLQESGGGSVISGGSLRLSCAASGYTYSRYSLGWFRQVPGKEREGVASITSAGSTTYADSVKGRFTISQDNAKSTLYLQMNSLKPEDTAMYYCALAGRFYNPQHWALRSGEYAYWGQGTQVTVSS	GYTYSRYS	ITSAGST	ALAGRFYNPQHWALRSGEYAY
KX022580	GGLVQAGGSLRLSCAASGLTLSTKTMGWFRQSPGKERYFVAAITWIGEPNYANSVKGRFTVSRDNAKNTVYLQMHSLKPEDTAVYYCAAADPVRRPYYYENENNYNYWGQGTQVTVSS	GLTLSTKT	ITWIGEP	AAADPVRRPYYYENENNYNY
KX022606	GGLVQAGGSLRLSCAASGLTLSTKTMGWFRQSPGKERYFVAAITWIGEPNYANSVKGRFTVSRDNAKNTVYLQMHSLKPEDTAVYYCAAADPVRRPYYYENENNYNYWGQGTQVTVSS	GLTLSTKT	ITWIGEP	AAADPVRRPYYYENENNYNY
KX168694	QVQLQESGGGSVQTGGSLRLSCAASGSVYCMGWIRQAPGKEREGVARINSDGSVTYYARSAKGRFSISRDSAKNTVTLLMNSLKPEDTAIYTCTADTRKCMDLGSWIDSDYRGQGTQVTVSS	GSVYC	INSDGSVT	TADTRKCMDLGSWIDSDY
KX278370	QVQLQESGGGSVQTGGSLRLSCAASGSVYCMGWIRQAPGKEREGVARINSDGSVTYYARSAKGRFSISRDSAKNTVTLLMNSLKPEDTAIYTCTADTRKCMDLGSWIDSDYRGQGTQVTVSS	GSVYC	INSDGSVT	TADTRKCMDLGSWIDSDY
KX278377	QVQLQESGGGSVQVGGSLRLSCAASGFTSSRYCVGWFRQAPGKEREGVATINSGGDWTHYANSVKGRFTISQDIAKNTVDLLMNSLKPEDTAIYYCAAATFGCLLVTGPADFEYWGQGTQVTVSS	GFTSSRYC	INSGGDWT	AAATFGCLLVTGPADFEY
KX278381	QVQLQESGGGSVQTGGSLRLSCAASGSVYCMGWIRQAPGKEREGVARINSDGSVTYYGSSAKGRFSISRDSAKNTVTLLMNSLKPEDTAIYTCTANTRKCMDLGSWIDFDYRGQGTQVTVSS	GSVYC	INSDGSVT	TANTRKCMDLGSWIDFDY
KX278399	QVQLQESGGGSVQVGGSLRLSCAASGFTSSRYCVGWFRQAPGKEREGVATINSGGDWTHYANSVKGRFTISQDIAKNTVDLLMNSLKPEDTAIYYCAAATFGCLLVTGPADFEYWGQGTQVTVSS	GFTSSRYC	INSGGDWT	AAATFGCLLVTGPADFEY
KX278400	QVQLQESGGGSVQTGGSLRLSCAASGSVYCMGWIRQAPGKEREGVARINSDGSVTYYGSSAKGRFSISRDSAKNTVTLLMNSLKPEDTAIYTCTANTRKCMDLGSWIDFDYRGQGTQVTVSS	GSVYC	INSDGSVT	TANTRKCMDLGSWIDFDY
KY358078	DVQLQESGGGSVQAGGSLRLSCAVNAYTYNTYRRFCMGWFRQAPGREREGVASINSVDGRSYYADSVKGRFTISRDNGENAVNLQMNSLKPEDTAIYYCAAADKWGGYCGGVADIAHFGYEGQGTQVTVSS	AYTYNTYRRFC	INSVDGRS	AAADKWGGYCGGVADIAHFGY
KY363288	DVQLQESGGGSVQAGGSLRLSCAVNAYTYNTYRRFCMGWFRQAPGREREGVASINSVDGRSYYADSVKGRFTISRDNGENAVNLQMNSLKPEDTAIYYCAAADKWGGYCGGVADIAHFGYEGQGTQVTVSS	AYTYNTYRRFC	INSVDGRS	AAADKWGGYCGGVADIAHFGY
KY595836	QVQLQESGGGSVQAGGSLRLSCAASGYTYSVNYMAWFRQAPGKEREGVASLETGGGKTYYADSVNGRFTVSEDNAKGTVYLQMNSLKPEDTAKYFCAGAITGGGVLQSNAYRYWGQGTQVTVSS	GYTYSVNY	LETGGGKT	AGAITGGGVLQSNAYRY
KY596679	QVQLQESGGGSVQAGGSLRLSCAASGYTYSVNYMAWFRQAPGKEREGVASLETGGGKTYYADSVNGRFTVSEDNAKGTVYLQMNSLKPEDTAKYFCAGAITGGGVLQSNAYRYWGQGTQVTVSS	GYTYSVNY	LETGGGKT	AGAITGGGVLQSNAYRY
KY693666	EVQLVESGGGLVQAGGSLRLSCAASSRTFSTYPMAWFRQAPGKEREFVATISRGGITSYYADSVKGRFTISRDNAKNTVYLQMNSLKPEDTAVYYCAQYKASATAYTRGRPDEIVHWGQGTQVTVSS	SRTFSTYP	ISRGGITS	AQYKASATAYTRGRPDEIVH
KY704003	EVQLVESGGGLVQAGGSLRLSCAASSRTFSTYPMAWFRQAPGKEREFVATISRGGITSYYADSVKGRFTISRDNAKNTVYLQMNSLKPEDTAVYYCAQYKASATAYTRGRPDEIVHWGQGTQVTVSS	SRTFSTYP	ISRGGITS	AQYKASATAYTRGRPDEIVH
KY816928	QVQLAESGGGLVQAGGSLKLSCAASGFIFDNYAIGWFRQAPGKEREGVSCTSSHDGNTYYADSVKGRFTVSRDGGKNTVYLEMNSLSPEDTAVYYCAADRYLYSGSGIVTYCPSPEYWGQGTQVTVSS	GFIFDNYA	TSSHDGNT	AADRYLYSGSGIVTYCPSPEY
KY824576	QVQLAESGGGLVQAGGSLKLSCAASGFIFDNYAIGWFRQAPGKEREGVSCTSSHDGNTYYADSVKGRFTVSRDGGKNTVYLEMNSLSPEDTAVYYCAADRYLYSGSGIVTYCPSPEYWGQGTQVTVSS	GFIFDNYA	TSSHDGNT	AADRYLYSGSGIVTYCPSPEY
LC008358	QVQLQQSGGGSVQAGGSLRLSCAASGRTYSMGWFRQAPGKEREGVARIFTVIGATEYADSVKDRFIISRDNAKNTVYLQMNSLKPEDTAMYYCAAKPRSNNVYWSLPHGYNVWGQGTLVTVSS	GRTYS	IFTVIGAT	AAKPRSNNVYWSLPHGYNV
LC010467	QVQLQQSGGGSVQAGGSLRLSCAASGRTYSMGWFRQAPGKEREGVARIFTVIGATEYADSVKDRFIISRDNAKNTVYLQMNSLKPEDTAMYYCAAKPRSNNVYWSLPHGYNVWGQGTLVTVSS	GRTYS	IFTVIGAT	AAKPRSNNVYWSLPHGYNV
LC110289	QIQLVQSGPELKKPGETVKISCKSSGYTFTNYGINWVKQAPGKGLKWMGWINTNTGEPTYAEDFKGRFAFSLETSASTAYLQINNLKNEDTASYFCARNYYGSFDVWGAGTTVTVSS	GYTFTNYG	INTNTGEP	ARNYYGSFDV
LC113943	QIQLVQSGPELKKPGETVKISCKSSGYTFTNYGINWVKQAPGKGLKWMGWINTNTGEPTYAEDFKGRFAFSLETSASTAYLQINNLKNEDTASYFCARNYYGSFDVWGAGTTVTVSS	GYTFTNYG	INTNTGEP	ARNYYGSFDV
LC113944	QVTLKESGPGILKPSQTLSLTCSFSGFSLSTSGMGVGWIRQPSGKGLEWLAHIWWNDDNYYNPSLKSQLTISKDTSRNQVFLKITSVDTADTATYYCARLSGPHFDVWGAGTTVTVSS	GFSLSTSGMG	IWWNDDN	ARLSGPHFDV
LC113945	QVTLKESGPGILKPSQTLSLTCSFSGFSLSTSGMGVGWIRQPSGKGLEWLAHIWWNDDNYYNPSLKSQLTISKDTSRNQVFLKITSVDTADTATYYCARLSGPHFDVWGAGTTVTVSS	GFSLSTSGMG	IWWNDDN	ARLSGPHFDV
LC113946	QVTLKESGPGILKPSQTLSLTCSFSGFSLSTSGMGVGWIRQPSRKGLEWLAHIWWNDDKYYNPSLKSQLTISKDTSRNQVFLKITSVDTADTATYYCARLAGTHFDVWGAGTTVTVSS	GFSLSTSGMG	IWWNDDK	ARLAGTHFDV
LC113947	QVTLKESGPGILKPSQTLSLTCSFSGFSLSTSGMGVGWIRQPSRKGLEWLAHIWWNDDKYYNPSLKSQLTISKDTSRNQVFLKITSVDTADTATYYCARLAGTHFDVWGAGTTVTVSS	GFSLSTSGMG	IWWNDDK	ARLAGTHFDV
LC113948	EVKLVESGGGLEKPGGSLKLSCAASGFTFSDYAMSWIRQNPEKRLEWVASISYDGSTDYLDSVKGRFTISRDNARNILYLQMSSLRSEDTAMFYCVREGYWYFDVWGAGTTVTVSS	GFTFSDYA	ISYDGST	VREGYWYFDV
LC113949	EVKLVESGGGLEKPGGSLKLSCAASGFTFSDYAMSWIRQNPEKRLEWVASISYDGSTDYLDSVKGRFTISRDNARNILYLQMSSLRSEDTAMFYCVREGYWYFDVWGAGTTVTVSS	GFTFSDYA	ISYDGST	VREGYWYFDV
LC113950	QVQLQQSGPQLVRPGASVKISCKASGYSFTSYWMHWVKQRPGQGLEWIGMIDPSDSETRLNQKFKDKATLTVDKSSNTAYMQLSSPTSEDSAVYYCGSRVFPWGQGTSVTVSS	GYSFTSYW	IDPSDSET	GSRVFP
LC113951	QVQLQQSGPQLVRPGASVKISCKASGYSFTSYWMHWVKQRPGQGLEWIGMIDPSDSETRLNQKFKDKATLTVDKSSNTAYMQLSSPTSEDSAVYYCGSRVFPWGQGTSVTVSS	GYSFTSYW	IDPSDSET	GSRVFP
LC472971	QVQLVESGGALVQPGGSLRLSCAASGFPVNRYSMRWYRQAPGKEREWVAGMSSAGDRSSYEDSVKGRFTISRDDARNTVYLQMNSLKPEDTAVYYCNVNVGFEYWGQGTQVTVSS	GFPVNRYS	MSSAGDRS	NVNVGFEY
LR216640	QVQLLESGGGLVQPGGSLRLSCAASGDRVSYKFMAWVRQAPGKGLEWVSSIRGNDGSTYYADSVKGRFTISRDNSKNTLYLQMNSLRAEDTAVYYCARKGKRHYELPYWGQGTLVTVSS	GDRVSYKF	IRGNDGST	ARKGKRHYELPY
LR535669	QVQLLESGGGLVQPGGSLRLSCAASGDRVSYKFMAWVRQAPGKGLEWVSSIRGNDGSTYYADSVKGRFTISRDNSKNTLYLQMNSLRAEDTAVYYCARKGKRHYELPYWGQGTLVTVSS	GDRVSYKF	IRGNDGST	ARKGKRHYELPY
LR759990	QVQLLESGGGLVQPGGSLRLSCAASGDMLSPDNMTWVRQAPGKGLEWVSTIHKTDGSTYYADSVKGRFTISRDNSKNTLYLQMNSLRAEDTAVYYCAGLRSRGLSSKYLEYWGQGTLVTVSS	GDMLSPDN	IHKTDGST	AGLRSRGLSSKYLEY
LR761604	QVQLLESGGGLVQPGGSLRLSCAASGDMLSPDNMTWVRQAPGKGLEWVSTIHKTDGSTYYADSVKGRFTISRDNSKNTLYLQMNSLRAEDTAVYYCAGLRSRGLSSKYLEYWGQGTLVTVSS	GDMLSPDN	IHKTDGST	AGLRSRGLSSKYLEY
MF280255	QVQLQESGGGSVRGSLRLSCVASGYSVSKNSIWFRQAPGEREGVAGINHGGTNLKGRFTISDNAKNTVYLQMNTLPEDTAIYYCAAGSPDPPPLIESVVKYWGQGTQVTVSS	GYSVSKN	INHG	AAGSPDPPPLIESVVKY
MF280918	QVQLQESGGGSVRGSLRLSCVASGYSVSKNSIWFRQAPGEREGVAGINHGGTNLKGRFTISDNAKNTVYLQMNTLPEDTAIYYCAAGSPDPPPLIESVVKYWGQGTQVTVSS	GYSVSKN	INHG	AAGSPDPPPLIESVVKY
MF776096	EVKLQESGGGLVQAGESLRLSCAVPPEVFDIRTVAWYRQVPLGKGRELLSSITPWNKTTYEDSVKDRFTISRDNAKYTVYLQMNDLKPEDTAVYYCAQGWGIASMRYWGQGTQVTVSS	PEVFDIRT	ITPWNKT	AQGWGIASMRY
MF780583	EVKLQESGGGLVQAGESLRLSCAVPPEVFDIRTVAWYRQVPLGKGRELLSSITPWNKTTYEDSVKDRFTISRDNAKYTVYLQMNDLKPEDTAVYYCAQGWGIASMRYWGQGTQVTVSS	PEVFDIRT	ITPWNKT	AQGWGIASMRY
MF780584	KVQLQESGGGLVQAGGSLRLSCAASGGTFSINTLGWYRRAPGKEREFVARISSGGITRYADSVKGRFTISRDNGKNTVYLDMNSLKPEDTAVYYCMYRNWGGGLDVYWGQGTQVTVSS	GGTFSINT	ISSGGIT	MYRNWGGGLDVY
MF780585	KVQLQESGGGLVQVGGSLRLSCKASGFTFRSSAMGWYRRAPGKQRELVASLTTTGTADYGDFVKGRFTISRDNAENTVDLHMNSLKPEDTAVYYCHEDPYGMESLRYWGQGTQVTVSS	GFTFRSSA	LTTTGTA	HEDPYGMESLRY
MF780586	KVKLQESGGGTVQAGGSLRLSCKASGFTFRSSAMGWYRRAPGQHRIFVGSFSRNEFKYADFAQGRFTISRDNAKNTVSLQMNHVIPEDTAVYYCHEDPYGMESLRYWGQGTQVTVSS	GFTFRSSA	FSRNEF	HEDPYGMESLRY
MF780602	QVQLQESGGGLVQPGGSLRLSCTASGFTLAEYGVGWFRQAPGKERELVALIAVGGTTHSIDSVKGRFTISRDNMKNTVYLQMNSLNVEDTAVYYCNAYSSAYDRNYWGQGTQVTVSS	GFTLAEYG	IAVGGTT	NAYSSAYDRNY
MF780604	QVKLQESGGGSVQEGGSLRLSCAASGAFFRAGPMGWYRQAPGRQRDLVALIRRDRTTDYADSVKGRFTISRDDAKNTVYLQMNSLKSEDTAVYFCNPLGTGFFGQGTQVTVSS	GAFFRAGP	IRRDRTT	NPLGTGF
MF818057	EVKLQESGGGLVQAGESLRLSCAVPPEVFDIRTVAWYRQVPLGKGRELLSSITPWNKTTYEDSVKDRFTISRDNAKYTVYLQMNDLKPEDTAVYYCAQGWGIASMRYWGQGTQVTVSS	PEVFDIRT	ITPWNKT	AQGWGIASMRY
MF871575	EVKLQESGGGLVQAGESLRLSCAVPPEVFDIRTVAWYRQVPLGKGRELLSSITPWNKTTYEDSVKDRFTISRDNAKYTVYLQMNDLKPEDTAVYYCAQGWGIASMRYWGQGTQVTVSS	PEVFDIRT	ITPWNKT	AQGWGIASMRY
MF871576	KVQLQESGGGLVQAGGSLRLSCAASGGTFSINTLGWYRRAPGKEREFVARISSGGITRYADSVKGRFTISRDNGKNTVYLDMNSLKPEDTAVYYCMYRNWGGGLDVYWGQGTQVTVSS	GGTFSINT	ISSGGIT	MYRNWGGGLDVY
MF871577	KVQLQESGGGLVQVGGSLRLSCKASGFTFRSSAMGWYRRAPGKQRELVASLTTTGTADYGDFVKGRFTISRDNAENTVDLHMNSLKPEDTAVYYCHEDPYGMESLRYWGQGTQVTVSS	GFTFRSSA	LTTTGTA	HEDPYGMESLRY
MF871578	QVQLQESGGGLVQPGGSLRLSCTASGFTLAEYGVGWFRQAPGKERELVALIAVGGTTHSIDSVKGRFTISRDNMKNTVYLQMNSLNVEDTAVYYCNAYSSAYDRNYWGQGTQVTVSS	GFTLAEYG	IAVGGTT	NAYSSAYDRNY
MF871579	KVQLQESGGGLVQAGGSLRLSCAASGGTFSINTLGWYRRAPGKEREFVARISSGGITRYADSVKGRFTISRDNGKNTVYLDMNSLKPEDTAVYYCMYRNWGGGLDVYWGQGTQVTVSS	GGTFSINT	ISSGGIT	MYRNWGGGLDVY
MF871580	KVQLQESGGGLVQAGGSLRLSCAASGGTFSINTLGWYRRAPGKEREFVARISSGGITRYADSVKGRFTISRDNGKNTVYLDMNSLKPEDTAVYYCMYRNWGGGLDVYWGQGTQVTVSS	GGTFSINT	ISSGGIT	MYRNWGGGLDVY
MF871581	QVQLQESGGGLVQPGGSLRLSCTASGFTLAEYGVGWFRQAPGKERELVALIAVGGTTHSIDSVKGRFTISRDNMKNTVYLQMNSLNVEDTAVYYCNAYSSAYDRNYWGQGTQVTVSS	GFTLAEYG	IAVGGTT	NAYSSAYDRNY
MF871582	QVQLQESGGGLVQPGGSLRLSCTASGFTLAEYGVGWFRQAPGKERELVALIAVGGTTHSIDSVKGRFTISRDNMKNTVYLQMNSLNVEDTAVYYCNAYSSAYDRNYWGQGTQVTVSS	GFTLAEYG	IAVGGTT	NAYSSAYDRNY
MF871583	EVKLQESGGGLVQAGESLRLSCAVPPEVFDIRTVAWYRQVPLGKGRELLSSITPWNKTTYEDSVKDRFTISRDNAKYTVYLQMNDLKPEDTAVYYCAQGWGIASMRYWGQGTQVTVSS	PEVFDIRT	ITPWNKT	AQGWGIASMRY
MF871584	KVQLQESGGGLVQAGGSLRLSCAASGGTFSINTLGWYRRAPGKEREFVARISSGGITRYADSVKGRFTISRDNGKNTVYLDMNSLKPEDTAVYYCMYRNWGGGLDVYWGQGTQVTVSS	GGTFSINT	ISSGGIT	MYRNWGGGLDVY
MF871585	KVQLQESGGGLVQVGGSLRLSCKASGFTFRSSAMGWYRRAPGKQRELVASLTTTGTADYGDFVKGRFTISRDNAENTVDLHMNSLKPEDTAVYYCHEDPYGMESLRYWGQGTQVTVSS	GFTFRSSA	LTTTGTA	HEDPYGMESLRY
MF871586	KVKLQESGGGTVQAGGSLRLSCKASGFTFRSSAMGWYRRAPGQHRIFVGSFSRNEFKYADFAQGRFTISRDNAKNTVSLQMNHVIPEDTAVYYCHEDPYGMESLRYWGQGTQVTVSS	GFTFRSSA	FSRNEF	HEDPYGMESLRY
MF871587	QVKLQESGGGSVQEGGSLRLSCAASGAFFRAGPMGWYRQAPGRQRDLVALIRRDRTTDYADSVKGRFTISRDDAKNTVYLQMNSLKSEDTAVYFCNPLGTGFFGQGTQVTVSS	GAFFRAGP	IRRDRTT	NPLGTGF
MF871588	EVKLQESGGGLVQAGESLRLSCAVPPEVFDIRTVAWYRQVPLGKGRELLSSITPWNKTTYEDSVKDRFTISRDNAKYTVYLQMNDLKPEDTAVYYCAQGWGIASMRYWGQGTQVTVSS	PEVFDIRT	ITPWNKT	AQGWGIASMRY
MF871589	KVQLQESGGGLVQAGGSLRLSCAASGGTFSINTLGWYRRAPGKEREFVARISSGGITRYADSVKGRFTISRDNGKNTVYLDMNSLKPEDTAVYYCMYRNWGGGLDVYWGQGTQVTVSS	GGTFSINT	ISSGGIT	MYRNWGGGLDVY
MF871590	KVQLQESGGGLVQVGGSLRLSCKASGFTFRSSAMGWYRRAPGKQRELVASLTTTGTADYGDFVKGRFTISRDNAENTVDLHMNSLKPEDTAVYYCHEDPYGMESLRYWGQGTQVTVSS	GFTFRSSA	LTTTGTA	HEDPYGMESLRY
MF871591	KVKLQESGGGTVQAGGSLRLSCKASGFTFRSSAMGWYRRAPGQHRIFVGSFSRNEFKYADFAQGRFTISRDNAKNTVSLQMNHVIPEDTAVYYCHEDPYGMESLRYWGQGTQVTVSS	GFTFRSSA	FSRNEF	HEDPYGMESLRY
MF871592	QVKLQESGGGSVQEGGSLRLSCAASGAFFRAGPMGWYRQAPGRQRDLVALIRRDRTTDYADSVKGRFTISRDDAKNTVYLQMNSLKSEDTAVYFCNPLGTGFFGQGTQVTVSS	GAFFRAGP	IRRDRTT	NPLGTGF
MF871599	EVKLQESGGGLVQAGESLRLSCAVPPEVFDIRTVAWYRQVPLGKGRELLSSITPWNKTTYEDSVKDRFTISRDNAKYTVYLQMNDLKPEDTAVYYCAQGWGIASMRYWGQGTQVTVSS	PEVFDIRT	ITPWNKT	AQGWGIASMRY
MF871600	EVKLQESGGGLVQAGESLRLSCAVPPEVFDIRTVAWYRQVPLGKGRELLSSITPWNKTTYEDSVKDRFTISRDNAKYTVYLQMNDLKPEDTAVYYCAQGWGIASMRYWGQGTQVTVSS	PEVFDIRT	ITPWNKT	AQGWGIASMRY
MF871601	KVQLQESGGGLVQAGGSLRLSCAASGGTFSINTLGWYRRAPGKEREFVARISSGGITRYADSVKGRFTISRDNGKNTVYLDMNSLKPEDTAVYYCMYRNWGGGLDVYWGQGTQVTVSS	GGTFSINT	ISSGGIT	MYRNWGGGLDVY
MF871602	KVQLQESGGGLVQAGGSLRLSCAASGGTFSINTLGWYRRAPGKEREFVARISSGGITRYADSVKGRFTISRDNGKNTVYLDMNSLKPEDTAVYYCMYRNWGGGLDVYWGQGTQVTVSS	GGTFSINT	ISSGGIT	MYRNWGGGLDVY
MF871603	KVQLQESGGGLVQVGGSLRLSCKASGFTFRSSAMGWYRRAPGKQRELVASLTTTGTADYGDFVKGRFTISRDNAENTVDLHMNSLKPEDTAVYYCHEDPYGMESLRYWGQGTQVTVSS	GFTFRSSA	LTTTGTA	HEDPYGMESLRY
MF871604	KVQLQESGGGLVQVGGSLRLSCKASGFTFRSSAMGWYRRAPGKQRELVASLTTTGTADYGDFVKGRFTISRDNAENTVDLHMNSLKPEDTAVYYCHEDPYGMESLRYWGQGTQVTVSS	GFTFRSSA	LTTTGTA	HEDPYGMESLRY
MF871605	QVQLQESGGGLVQPGGSLRLSCTASGFTLAEYGVGWFRQAPGKERELVALIAVGGTTHSIDSVKGRFTISRDNMKNTVYLQMNSLNVEDTAVYYCNAYSSAYDRNYWGQGTQVTVSS	GFTLAEYG	IAVGGTT	NAYSSAYDRNY
MF871606	QVQLQESGGGLVQPGGSLRLSCTASGFTLAEYGVGWFRQAPGKERELVALIAVGGTTHSIDSVKGRFTISRDNMKNTVYLQMNSLNVEDTAVYYCNAYSSAYDRNYWGQGTQVTVSS	GFTLAEYG	IAVGGTT	NAYSSAYDRNY
MG210478	EVQLQASGGGLVQAGGSLRLSCTASGRTGTIYSMAWFRQAPGKEREFLATVGWSSGITYYMDSVKGRFTISRDNAKNSAYLQMNSLKPEDTAVYYCTATRAYSVGYDYWGQGTQVTVSH	GRTGTIYS	VGWSSGIT	TATRAYSVGYDY
MG210479	EVQLQASGGGLVQAGGSLRLSCTASGRTGTIYSMAWFRQAPGKEREFLATVGWSSGITYYMDSVKGRFTISRDNAKNSAYLQMNSLKPEDTAVYYCTATRAYSVGYDYWGQGTQVTVSH	GRTGTIYS	VGWSSGIT	TATRAYSVGYDY
MH492375	QVQLQESGGGSVRPGESLRLSCIAAGTLFSGKAVGWYRQAPGKDRELVAALSSGRETYYIGPVKGRFIISRDDNKDTLYLQMNNLKLEDTAIYTCRLGLHWGQGTQVTVSS	GTLFSGKA	LSSGRET	RLGLH
MH492377	QGQLVESGGGSVQAGGSLRLSCAASGIDSSSYCMGWFRQRPGKEREGVARINGLGGVKTAYADSVKDRFTISRDNAENTVYLQMNSLKPEDTAIYYCAAKFSPGYCGGSWSNFGYWGQGTQVTVSS	GIDSSSYC	INGLGGVKT	AAKFSPGYCGGSWSNFGY
MH492380	QGQLVESGGGSVQAGGSLRLSCAASGIDSSSYCMGWFRQRPGKEREGVARINGLGGVKTAYADSVKDRFTISRDNAENTVYLQMNSLKPEDTAIYYCAAKFSPGYCGGSWSNFGYWGQGTQVTVSS	GIDSSSYC	INGLGGVKT	AAKFSPGYCGGSWSNFGY
MH492389	QGQLVESGGGSVQAGGSLRLSCAASGIDSSSYCMGWFRQRPGKEREGVARINGLGGVKTAYADSVKDRFTISRDNAENTVYLQMNSLKPEDTAIYYCAAKFSPGYCGGSWSNFGYWGQGTQVTVSS	GIDSSSYC	INGLGGVKT	AAKFSPGYCGGSWSNFGY
MH492391	QGQLVESGGGSVQAGGSLRLSCAASGIDSSSYCMGWFRQRPGKEREGVARINGLGGVKTAYADSVKDRFTISRDNAENTVYLQMNSLKPEDTAIYYCAAKFSPGYCGGSWSNFGYWGQGTQVTVSS	GIDSSSYC	INGLGGVKT	AAKFSPGYCGGSWSNFGY
MH492393	QVQLQESGGGSVRPGESLRLSCIAAGTLFSGKAVGWYRQAPGKDRELVAALSSGRETYYIGPVKGRFIISRDDNKDTLYLQMNNLKLEDTAIYTCRLGLHWGQGTQVTVSS	GTLFSGKA	LSSGRET	RLGLH
MH492430	QVQLVESGGALVQPGGSLRLSCAASGFPVNRYSMRWYRQAPGKEREWVAGMSSAGDRSSYEDSVKGRFTISRDDARNTVYLQMNSLKPEDTAVYYCNVNVGFEYWGQGTQVTVSS	GFPVNRYS	MSSAGDRS	NVNVGFEY
MH492440	QGQLVESGGGSVQAGGSLRLSCAASGIDSSSYCMGWFRQRPGKEREGVARINGLGGVKTAYADSVKDRFTISRDNAENTVYLQMNSLKPEDTAIYYCAAKFSPGYCGGSWSNFGYWGQGTQVTVSS	GIDSSSYC	INGLGGVKT	AAKFSPGYCGGSWSNFGY
MH492453	QVQLQESGGGSVRPGESLRLSCIAAGTLFSGKAVGWYRQAPGKDRELVAALSSGRETYYIGPVKGRFIISRDDNKDTLYLQMNNLKLEDTAIYTCRLGLHWGQGTQVTVSS	GTLFSGKA	LSSGRET	RLGLH
MH512001	QVQLQESGGGSVQAGGSLRLSCVASRRTFSNYADAMGWFRQAPGKEREFVAAISWNSATTRYLDSVKARFTISRVNANNTVYLQMNSLKPEDTAVYYCAAKPTGSFPPVEEEKYNYWGQGTQVTVSS	RRTFSNYADA	ISWNSATT	AAKPTGSFPPVEEEKYNY
MH513501	QVQLQESGGGSVQAGGSLRLSCVASRRTFSNYADAMGWFRQAPGKEREFVAAISWNSATTRYLDSVKARFTISRVNANNTVYLQMNSLKPEDTAVYYCAAKPTGSFPPVEEEKYNYWGQGTQVTVSS	RRTFSNYADA	ISWNSATT	AAKPTGSFPPVEEEKYNY
MH549211	DVQLVESGGGSVQTGGSLRLSCAASGFPFSNNVMGWFRQAPGKEREGVAAISVNSGSTWYADSVKGRFTISLDSANNTLYLQMNSLKPEDTAMYYCATRRGVILTLSPETYDYWGQGTLVTVSS	GFPFSNNV	ISVNSGST	ATRRGVILTLSPETYDY
MH550664	DVQLVESGGGSVQTGGSLRLSCAASGFPFSNNVMGWFRQAPGKEREGVAAISVNSGSTWYADSVKGRFTISLDSANNTLYLQMNSLKPEDTAMYYCATRRGVILTLSPETYDYWGQGTLVTVSS	GFPFSNNV	ISVNSGST	ATRRGVILTLSPETYDY
MK637463	EVQLVESGGGSVQAGDSLRLSCAASGRTFGSIRVGWFRQTPGKEREFVAAINRNDGTTYYADSVKGRFTISRDNAKNTVYMQMASLKPEDTAVYYCAAGLQYNRSADRVPVGAVYWGQGTQVTVSS	GRTFGSIR	INRNDGTT	AAGLQYNRSADRVPVGAVY
MK637464	EVQLVESGGGSVQAGDSLRLSCAASGRTFGSIRVGWFRQTPGKEREFVAAINRNDGTTYYADSVKGRFTISRDNAKNTVYMQMASLKPEDTAVYYCAAGLQYNRSADRVPVGAVYWGQGTQVTVSS	GRTFGSIR	INRNDGTT	AAGLQYNRSADRVPVGAVY
MK977824	MVQLQESGGGSVQAGGSLRLSCVASGDTASMYCMGWFRQAPGKEREEVATIDSDGSVSIADSLKGRFTISKDSANNALYLHMNSLRPEDTANYYCAAGRPPCGSIFKPGYYYYGMDYWGKGTLVTVSS	GDTASMYC	IDSDGSV	AAGRPPCGSIFKPGYYYYGMDY
MK978327	MVQLQESGGGSVQAGGSLRLSCVASGDTASMYCMGWFRQAPGKEREEVATIDSDGSVSIADSLKGRFTISKDSANNALYLHMNSLRPEDTANYYCAAGRPPCGSIFKPGYYYYGMDYWGKGTLVTVSS	GDTASMYC	IDSDGSV	AAGRPPCGSIFKPGYYYYGMDY
MN810567	DVQLQESGGGLVQAGGSLRLSCAASGGTFSILSLGWFRQAPGKEREFVAAISRSEGSTDYADFVKGRFMISRENAKNTAYLQMNSLKPEDTAVYFCAASYARRLSTTASRVLYWGQGTQVTVSS	GGTFSILS	ISRSEGST	AASYARRLSTTASRVLY
MN813056	DVQLQESGGGLVQAGGSLRLSCAASGGTFSILSLGWFRQAPGKEREFVAAISRSEGSTDYADFVKGRFMISRENAKNTAYLQMNSLKPEDTAVYFCAASYARRLSTTASRVLYWGQGTQVTVSS	GGTFSILS	ISRSEGST	AASYARRLSTTASRVLY
MN982903	QVQLLESGGGLVQPGGSLRLSCAASGDRFSHKTMGWVRQAPGKGLEWVSAIWAPDGSTYYADSVKGRFTISRDNSKNTLYLQMNSLRAEDTAVYYCAGGDPALNNTVQYWGQGTLVTVSS	GDRFSHKT	IWAPDGST	AGGDPALNNTVQY
MN990458	QVQLLESGGGLVQPGGSLRLSCAASGDRFSHKTMGWVRQAPGKGLEWVSAIWAPDGSTYYADSVKGRFTISRDNSKNTLYLQMNSLRAEDTAVYYCAGGDPALNNTVQYWGQGTLVTVSS	GDRFSHKT	IWAPDGST	AGGDPALNNTVQY
MT349424	QVQLQESGGGSVQAGGSLRLSCVASGSIFSINAMDWYRQAPGKQRELVAGITSGGSTNYGDFVKGRFTISRDNAKNTVYLQMDSLKPEDTAVYYCAAEVGGWGPPRPDYWGHGTQVTVSS	GSIFSINA	ITSGGST	AAEVGGWGPPRPDY
MT350283	QVQLQESGGGSVQAGGSLRLSCVASGSIFSINAMDWYRQAPGKQRELVAGITSGGSTNYGDFVKGRFTISRDNAKNTVYLQMDSLKPEDTAVYYCAAEVGGWGPPRPDYWGHGTQVTVSS	GSIFSINA	ITSGGST	AAEVGGWGPPRPDY
MT637089	QVQVLPSGGGLVQPGGSLRLSCAASGFTFSNFAMTWVRQAPGKGLEWVSSINMYGSTSYADSVKGRFTISSDNAKNTLYLQMNSLKPEDTAVYYCADMDYGMDYWGKGTLVTVS	GFTFSNFA	INMYGST	ADMDYGMDY
MT637228	QVQVLPSGGGLVQPGGSLRLSCAASGFTFSNFAMTWVRQAPGKGLEWVSSINMYGSTSYADSVKGRFTISSDNAKNTLYLQMNSLKPEDTAVYYCADMDYGMDYWGKGTLVTVS	GFTFSNFA	INMYGST	ADMDYGMDY
MT778066	QVQLVETGGGLVQPGGSLRLSCAASGFTFSSVYMNWVRQAPGKGPEWVSRISPNSGNIGYTDSVKGRFTISRDNAKNTLYLQMNNLKPEDTALYYCAIGLNLSSSSVRGQGTQVTVSS	GFTFSSVY	ISPNSGNI	AIGLNLSSSSV
MT784731	QVQLVETGGGLVQPGGSLRLSCAASGFTFSSVYMNWVRQAPGKGPEWVSRISPNSGNIGYTDSVKGRFTISRDNAKNTLYLQMNNLKPEDTALYYCAIGLNLSSSSVRGQGTQVTVSS	GFTFSSVY	ISPNSGNI	AIGLNLSSSSV
MT792357	AVQLVESGGGLVQPGGSLRLSCVASGFTFSSNRMYWVRQAPRKGLEWVSSINTAGGEPSYADSVKGRFTISRDNAKNTVYLQMNSLKPEDTAVYYCATTSCSGDGCYTRYNYWGQGTQVTVSS	GFTFSSNR	INTAGGEP	ATTSCSGDGCYTRYNY
MT792358	AVQLVESGGGLVQPGGSLRLSCVASGFTFSSNRMYWVRQAPRKGLEWVSSINTAGGEPSYADSVKGRFTISRDNAKNTVYLQMNSLKPEDTAVYYCATTSCSGDGCYTRYNYWGQGTQVTVSS	GFTFSSNR	INTAGGEP	ATTSCSGDGCYTRYNY
MT792360	DVQLVESGGGLVQPGGSLRLSCAASGFTFSNSYIGWVRQAPGKGLEWVSGIHSDGRNPSYADSVKGRFTISRDNAKNSVYLQMNSLKPEDTAVYYCVRDPYGMGSWGQGTQVTVSS	GFTFSNSY	IHSDGRNP	VRDPYGMGS
MT792361	DVQLVESGGGLVQPGGSLRLSCAASGFTASSYYISWVRQAPGKGLEWVSGICSAGSNTRYADSVKGRFTISRDNDKNMVYLQMNSLNPEETAVYYCATTPCGGSYCNSFVPVGMDAWSQGTLVTVSS	GFTASSYY	ICSAGSNT	ATTPCGGSYCNSFVPVGMDA
MT792362	QVQLVESGGGLVQPGGSLRLSCAASGFTFSNRWMTWVRQAPGKGLEWVSVIDPSGGANIYYADSVKGRFTISRDNAKNTLYLQLNSLKTEDTAMYYCAKDGSSPEVSMDYWGKGTLVTISS	GFTFSNRW	IDPSGGANI	AKDGSSPEVSMDY
MT984208	DVQLQESGGDLVQPGGSLRLSCAASGFTLDYYAIGWFRQAPGKEREGVSCISSSDGSTYYADSVKGRFTSSRDNAKNTVYLQMNSLKPEDTAVYYCAAVPSTYYNGSYYYTCHPGGMDYWGKGTQVTVSS	GFTLDYYA	ISSSDGST	AAVPSTYYNGSYYYTCHPGGMDY
MT990410	DVQLQESGGDLVQPGGSLRLSCAASGFTLDYYAIGWFRQAPGKEREGVSCISSSDGSTYYADSVKGRFTSSRDNAKNTVYLQMNSLKPEDTAVYYCAAVPSTYYNGSYYYTCHPGGMDYWGKGTQVTVSS	GFTLDYYA	ISSSDGST	AAVPSTYYNGSYYYTCHPGGMDY
MW030448	EVQLLESGGGLVQPGGSLRLSCAASGDRFSHKTMGWVRQAPGKGLEWVSAIWAPDGSTYYADSVKGRFTISRDNSKNTLYLQMNSLRAEDTAVYYCAGGDPALNNTVQYWGQGTLVTVSS	GDRFSHKT	IWAPDGST	AGGDPALNNTVQY
MW030686	EVQLLESGGGLVQPGGSLRLSCAASGDRFSHKTMGWVRQAPGKGLEWVSAIWAPDGSTYYADSVKGRFTISRDNSKNTLYLQMNSLRAEDTAVYYCAGGDPALNNTVQYWGQGTLVTVSS	GDRFSHKT	IWAPDGST	AGGDPALNNTVQY
MW239649	EVEVEESGPGLVKPSQTLSLTCTVSGDSITIAYAYWNWIRQPPRKGLEWVGAIADSGTTYYSPSLKSRTSIARDTSKNQFTLQLKSVTPEDTAVYYCARVGPTGNQSPIPCGHYWGQGTLVTVS	GDSITIAYAY	IADSGTT	ARVGPTGNQSPIPCGHY
MW250877	EVEVEESGPGLVKPSQTLSLTCTVSGDSITIAYAYWNWIRQPPRKGLEWVGAIADSGTTYYSPSLKSRTSIARDTSKNQFTLQLKSVTPEDTAVYYCARVGPTGNQSPIPCGHYWGQGTLVTVS	GDSITIAYAY	IADSGTT	ARVGPTGNQSPIPCGHY
MW286772	EVEVVESGGGLVQPGGSLRLSCAASGFTFSSYRMYWVRQAPGKGLEWVSYMNTGGGTTYYTDSVKGRFTISRDNAKNTLYLQMNSLKPEDTALYYCARPYYSGDWYYTGYNYWGQGTQVTVS	GFTFSSYR	MNTGGGTT	ARPYYSGDWYYTGYNY
MW286773	EVEVEESGGGLVQPGGSLRLSCAASGFALSSFAMSWVRQAPGKGLEWVSASSSVGSQLYHDSVKGRFTISRDNTKNMLYLQMNNLRPEDTALYYCAKFGGNYYLEYDSWGQGTQVTVS	GFALSSFA	SSSVGSQ	AKFGGNYYLEYDS
MW286777	EVEVVESGGGLVQPGGSLRLSCAASGFTFSSYRMYWVRQAPGKGLEWVSYMNTGGGTTYYTDSVKGRFTISRDNAKNTLYLQMNSLKPEDTALYYCARPYYSGDWYYTGYNYWGQGTQVTVS	GFTFSSYR	MNTGGGTT	ARPYYSGDWYYTGYNY
MW286778	EVEVVESGGGLVQPGGSLRLSCAASGFTFSSYRMYWVRQAPGKGLEWVSYMNTGGGTTYYTDSVKGRFTISRDNAKNTLYLQMNSLKPEDTALYYCARPYYSGDWYYTGYNYWGQGTQVTVS	GFTFSSYR	MNTGGGTT	ARPYYSGDWYYTGYNY
MW286779	EVEVEESGGGLVQPGGSLRLSCAASGFALSSFAMSWVRQAPGKGLEWVSASSSVGSQLYHDSVKGRFTISRDNTKNMLYLQMNNLRPEDTALYYCAKFGGNYYLEYDSWGQGTQVTVS	GFALSSFA	SSSVGSQ	AKFGGNYYLEYDS
MW286781	QVEVVASGGGLVQAGGSLRLSCAASGFTFSTYWMYWVRLAPGKGLEYIAEINAGGGATYYSESVKGRFTVSRDNAKNTVYLQMNSLKPEDTGLYYCARDAEWTGHASDYWGQGTQVTVS	GFTFSTYW	INAGGGAT	ARDAEWTGHASDY
MW286782	QVEVVASGGGLVQAGGSLRLSCAASGFTFSTYWMYWVRLAPGKGLEYIAEINAGGGATYYSESVKGRFTVSRDNAKNTVYLQMNSLKPEDTGLYYCARDAEWTGHASDYWGQGTQVTVS	GFTFSTYW	INAGGGAT	ARDAEWTGHASDY
MW308595	DVQLQESGGGSVQTGGSLRVSCAAPKYTYSNYCMGWVRQAPGKEREGVASVNTEGTGVYAKSVKGRFTISRDNINNTVYLQMDSLKPEDTAIYYCAATETPYCWGDLTGYKLWGQGTQVTVSS	KYTYSNYC	VNTEGTG	AATETPYCWGDLTGYKL
MW310247	DVQLQESGGGSVQTGGSLRVSCAAPKYTYSNYCMGWVRQAPGKEREGVASVNTEGTGVYAKSVKGRFTISRDNINNTVYLQMDSLKPEDTAIYYCAATETPYCWGDLTGYKLWGQGTQVTVSS	KYTYSNYC	VNTEGTG	AATETPYCWGDLTGYKL
MW382181	QLQLAESGGGLVQAGGSLNLSCIASRRTLSTSFMAWFRQVPGKEREFVAALRSSDGRPYYGDSVKGRFTVSRDNANTVYLQMNSLKPEDTAIYYCALNRGYSGTGYPSKQYEYNDWGQGTQVTVSS	RRTLSTSF	LRSSDGRP	ALNRGYSGTGYPSKQYEYND
MW389140	QLQLAESGGGLVQAGGSLNLSCIASRRTLSTSFMAWFRQVPGKEREFVAALRSSDGRPYYGDSVKGRFTVSRDNANTVYLQMNSLKPEDTAIYYCALNRGYSGTGYPSKQYEYNDWGQGTQVTVSS	RRTLSTSF	LRSSDGRP	ALNRGYSGTGYPSKQYEYND
MW467978	DVQLQASGEGLQAGGSLRLSCVTSGFTFEDYSIGWFRQAPGREREGVSCTTLDDGLKYYTDSAKGRFTISSDNAKKTVYLQMNNLKPEDTADYYCAADLGSWCGRPYGLGLGYIGHGTQVTVSS	GFTFEDYS	TTLDDGLK	AADLGSWCGRPYGLGLGY
MW477667	DVQLQASGEGLQAGGSLRLSCVTSGFTFEDYSIGWFRQAPGREREGVSCTTLDDGLKYYTDSAKGRFTISSDNAKKTVYLQMNNLKPEDTADYYCAADLGSWCGRPYGLGLGYIGHGTQVTVSS	GFTFEDYS	TTLDDGLK	AADLGSWCGRPYGLGLGY
MW503936	EVQLQESGGGLVQPGGSLRLSCTASGVTISALNAMAMGWYRQAPGERRVMVAAVSERGNAMYRESVQGRFTVTRDFTNKMVSLQMDNLKPEDTAVYYCHVLEDRVDSFHDYWGQGTQVTVSS	GVTISALNAMA	VSERGNA	HVLEDRVDSFHDY
MW503937	EVQLQESGGGLVQPGGSLRLSCTASGVTISALNAMAMGWYRQAPGERRVMVAAVSERGNAMYRESVQGRFTVTRDFTNKMVSLQMDNLKPEDTAVYYCHVLEDRVDSFHDYWGQGTQVTVSS	GVTISALNAMA	VSERGNA	HVLEDRVDSFHDY
MW684063	DVQLVESGGDLVQPGGSLRLSCAASGFTFSTHAMTWIRQRPGKGLEWVSTINSGRGATYYADSVKGRFTISRDNDKNTLYLQLNSLNTEDTATYYCANAKHWPPYYGMDYWGKGTQVTVSS	GFTFSTHA	INSGRGAT	ANAKHWPPYYGMDY
MW690036	DVQLVESGGDLVQPGGSLRLSCAASGFTFSTHAMTWIRQRPGKGLEWVSTINSGRGATYYADSVKGRFTISRDNDKNTLYLQLNSLNTEDTATYYCANAKHWPPYYGMDYWGKGTQVTVSS	GFTFSTHA	INSGRGAT	ANAKHWPPYYGMDY
MZ668304	QVQLVESGGGLVQAGGSLRLSCAASGRTYTMGWFRQAPGKEREFVAAMRWSDTDYADSLKGRFTISRDNANNAMYLQMNSLGPEDTAVYYCAAGEAWLARSTHHYDYWGQGTQVTVSS	GRTYT	MRWSDT	AAGEAWLARSTHHYDY
MZ671192	QVQLVESGGGLVQAGGSLRLSCAASGRTYTMGWFRQAPGKEREFVAAMRWSDTDYADSLKGRFTISRDNANNAMYLQMNSLGPEDTAVYYCAAGEAWLARSTHHYDYWGQGTQVTVSS	GRTYT	MRWSDT	AAGEAWLARSTHHYDY
MZ708030	QVQLVESGGGSVESGGSLRLSCAASGYTYNSYCMAWFRQAPGKEREGIAAIDVDGSTDYADSVKGRFTISQDNAKNTLYLQMNSLKPEDTAMYYCAAYGGSCRRGVGSGYWGQGTQVTVSS	GYTYNSYC	IDVDGST	AAYGGSCRRGVGSGY
MZ708605	QVQLVESGGGSVESGGSLRLSCAASGYTYNSYCMAWFRQAPGKEREGIAAIDVDGSTDYADSVKGRFTISQDNAKNTLYLQMNSLKPEDTAMYYCAAYGGSCRRGVGSGYWGQGTQVTVSS	GYTYNSYC	IDVDGST	AAYGGSCRRGVGSGY
OK268108	QVQLQESGGGLVQPGGSLRLSCAASGRTSSSYAMGWFRLAPGKEREFVAAIRWSGGITYYADPVKGRFTISRDNAKNTVYLQLNSLKPEDTAVYYCAADLSGVGSLDSGGYTTMDYWGQGTQVTVSS	GRTSSSYA	IRWSGGIT	AADLSGVGSLDSGGYTTMDY
OK268233	QVQLQESGGGLVQPGGSLRLSCAASGRTSSSYAMGWFRLAPGKEREFVAAIRWSGGITYYADPVKGRFTISRDNAKNTVYLQLNSLKPEDTAVYYCAADLSGVGSLDSGGYTTMDYWGQGTQVTVSS	GRTSSSYA	IRWSGGIT	AADLSGVGSLDSGGYTTMDY
OM272951	EVQLVESGGGLVQAGDSLTLSCAASGRTFSSVAMGWFRQAPGKERKFVANISWNGNSTYYTDSVKGRFTISRDNAKNTVYLQMSSLKPEDTAVYYCAADVRWTGDGHRADYWGQGTQVTVSS	GRTFSSVA	ISWNGNST	AADVRWTGDGHRADY
OM367904	EVQLVESGGGLVQAGDSLTLSCAASGRTFSSVAMGWFRQAPGKERKFVANISWNGNSTYYTDSVKGRFTISRDNAKNTVYLQMSSLKPEDTAVYYCAADVRWTGDGHRADYWGQGTQVTVSS	GRTFSSVA	ISWNGNST	AADVRWTGDGHRADY
OM371325	QVQLQESGGGSAQAGGSLRLSCAASGYTYSLPFMAWFRQAPGKEREGVAVIAPGAGMAYYASSVKGRFTISQANAKNTVYLQMNSLKPEDTAMYYCAARTSSGAYYWQDRGRYPYWGQGTQVTVSS	GYTYSLPF	IAPGAGMA	AARTSSGAYYWQDRGRYPY
OM459818	QVQLQESGGGSAQAGGSLRLSCAASGYTYSLPFMAWFRQAPGKEREGVAVIAPGAGMAYYASSVKGRFTISQANAKNTVYLQMNSLKPEDTAMYYCAARTSSGAYYWQDRGRYPYWGQGTQVTVSS	GYTYSLPF	IAPGAGMA	AARTSSGAYYWQDRGRYPY
